City_ID,City,Country,Date,Lat,Lng,Max Temp,Humidity,Cloudiness,Wind Speed
0,Avarua,CK,2021-11-24 07:09:42,-21.2078,-159.775,73.45,73,100,5.75
1,Puerto Ayora,EC,2021-11-24 07:11:04,-0.7393,-90.3518,68.56,82,27,6.93
2,Georgetown,MY,2021-11-24 07:08:33,5.4112,100.3354,89.53,67,20,5.75
3,Ternate,ID,2021-11-24 07:11:04,0.8,127.4,84.78,71,100,6.15
4,Mataura,NZ,2021-11-24 07:11:04,-46.1927,168.8643,57.11,63,100,4.88
5,Abengourou,CI,2021-11-24 07:11:05,6.7297,-3.4964,72.39,96,85,1.34
6,Nikolskoye,RU,2021-11-24 07:11:06,59.7035,30.7861,37.87,97,100,13.85
7,Yellowknife,CA,2021-11-24 07:11:06,62.456,-114.3525,-13.45,95,82,8.01
8,Tazovskiy,RU,2021-11-24 07:10:22,67.4667,78.7,4.41,95,96,9.86
9,Ushuaia,AR,2021-11-24 07:11:06,-54.8,-68.3,42.46,81,75,5.75
10,Atuona,PF,2021-11-24 07:11:07,-9.8,-139.0333,77.67,77,30,12.62
11,Cape Town,ZA,2021-11-24 07:09:03,-33.9258,18.4232,72.12,52,50,13.87
12,Westport,US,2021-11-24 07:11:07,41.1415,-73.3579,32.99,66,1,5.01
13,Gamba,GA,2021-11-24 07:11:08,-2.65,10.0,77.72,85,86,2.26
14,Gorom-Gorom,BF,2021-11-24 07:11:08,14.4439,-0.2361,76.3,25,4,10.13
15,Rikitea,PF,2021-11-24 07:08:28,-23.1203,-134.9692,76.33,84,91,16.4
16,Chuy,UY,2021-11-24 07:11:09,-33.6971,-53.4616,51.08,85,0,4.59
17,Jamestown,US,2021-11-24 07:11:09,42.097,-79.2353,31.59,80,1,1.01
18,Cockburn Town,TC,2021-11-24 07:11:10,21.4612,-71.1419,79.36,76,32,14.99
19,Ballina,AU,2021-11-24 07:07:21,-28.8667,153.5667,73.58,98,100,11.36
20,Zahesi,GE,2021-11-24 07:11:10,41.8246,44.7536,55.11,56,91,6.17
21,Kaitangata,NZ,2021-11-24 07:11:10,-46.2817,169.8464,57.09,71,86,4.32
22,Hermanus,ZA,2021-11-24 07:11:11,-34.4187,19.2345,71.91,66,13,13.2
23,Punta Arenas,CL,2021-11-24 07:11:11,-53.15,-70.9167,41.11,81,20,5.75
24,Kavieng,PG,2021-11-24 07:11:12,-2.5744,150.7967,84.06,73,100,11.65
25,Richards Bay,ZA,2021-11-24 07:11:12,-28.783,32.0377,71.55,51,4,19.39
26,Hobart,AU,2021-11-24 07:11:13,-42.8794,147.3294,71.11,68,75,12.66
27,Albany,US,2021-11-24 07:07:45,42.6001,-73.9662,26.1,72,0,1.99
28,Faanui,PF,2021-11-24 07:11:13,-16.4833,-151.75,80.89,75,37,5.3
29,Ust-Nera,RU,2021-11-24 07:11:13,64.5667,143.2,-17.14,97,100,4.54
30,Takoradi,GH,2021-11-24 07:11:14,4.8845,-1.7554,80.42,80,42,4.36
31,Ilave,PE,2021-11-24 07:11:14,-16.0833,-69.6667,45.88,82,100,5.14
32,Kokoda,PG,2021-11-24 07:11:15,-8.8785,147.7407,79.2,91,93,3.83
33,Hithadhoo,MV,2021-11-24 07:11:15,-0.6,73.0833,81.93,77,98,19.28
34,Kodiak,US,2021-11-24 07:11:16,57.79,-152.4072,11.71,62,20,6.91
35,Busselton,AU,2021-11-24 07:11:16,-33.65,115.3333,85.08,42,0,13.35
36,Iskateley,RU,2021-11-24 07:11:17,67.6803,53.1512,10.71,91,100,7.14
37,Vanimo,PG,2021-11-24 07:11:17,-2.6741,141.3028,81.79,85,100,5.86
38,Tiksi,RU,2021-11-24 07:11:17,71.6872,128.8694,-20.56,98,39,7.58
39,Cherskiy,RU,2021-11-24 07:11:18,68.75,161.3,-23.55,95,100,4.72
40,Port Elizabeth,ZA,2021-11-24 07:11:18,-33.918,25.5701,63.1,72,100,6.85
41,Atbasar,KZ,2021-11-24 07:11:19,51.8,68.3333,21.18,94,100,4.27
42,Ixtapa,MX,2021-11-24 07:11:19,20.7,-105.2,69.76,82,20,3.24
43,Rohnert Park,US,2021-11-24 07:11:45,38.3396,-122.7011,58.82,80,0,1.99
44,Carnarvon,AU,2021-11-24 07:11:07,-24.8667,113.6333,87.87,40,0,18.41
45,Bredasdorp,ZA,2021-11-24 07:12:20,-34.5322,20.0403,66.27,60,39,14.45
46,Norman Wells,CA,2021-11-24 07:12:20,65.282,-126.8329,-15.84,96,100,0.34
47,Tautira,PF,2021-11-24 07:12:20,-17.7333,-149.15,78.82,79,64,10.54
48,Louveira,BR,2021-11-24 07:12:21,-23.0864,-46.9506,71.08,87,100,10.54
49,Faya,SA,2021-11-24 07:12:21,18.3851,42.4509,64.92,18,6,5.21
50,Thinadhoo,MV,2021-11-24 07:12:21,0.5333,72.9333,82.36,77,99,19.84
51,Khatanga,RU,2021-11-24 07:12:22,71.9667,102.5,-2.69,87,100,7.52
52,Artyom,AZ,2021-11-24 07:12:22,40.4723,50.333,53.74,60,19,12.86
53,Upernavik,GL,2021-11-24 07:12:22,72.7868,-56.1549,12.85,65,100,6.87
54,Siuna,NI,2021-11-24 07:12:23,13.7332,-84.7773,68.79,95,12,3.53
55,Pasni,PK,2021-11-24 07:12:23,25.2631,63.471,81.88,31,81,4.0
56,Yulara,AU,2021-11-24 07:12:24,-25.2406,130.9889,76.84,31,40,14.97
57,Asyut,EG,2021-11-24 07:12:24,27.181,31.1837,67.69,48,56,5.59
58,Roma,US,2021-11-24 07:11:29,43.2128,-75.4557,22.87,87,1,0.0
59,Usinsk,RU,2021-11-24 07:12:25,65.9939,57.5281,16.72,94,100,18.45
60,Boyolangu,ID,2021-11-24 07:12:25,-8.1181,111.8935,86.13,65,19,7.45
61,Heishan,CN,2021-11-24 07:12:26,41.6892,122.1128,33.1,57,9,1.1
62,Arraial Do Cabo,BR,2021-11-24 07:12:26,-22.9661,-42.0278,71.04,87,100,4.18
63,Mount Gambier,AU,2021-11-24 07:12:27,-37.8333,140.7667,66.18,66,79,10.42
64,Pisco,PE,2021-11-24 07:12:27,-13.7,-76.2167,62.65,88,100,3.44
65,Comodoro Rivadavia,AR,2021-11-24 07:08:53,-45.8667,-67.5,64.26,42,0,14.97
66,Fort Nelson,CA,2021-11-24 07:12:27,58.8053,-122.7002,-11.47,100,100,0.4
67,Pangnirtung,CA,2021-11-24 07:12:28,66.1451,-65.7125,24.75,96,100,10.02
68,Lingao,CN,2021-11-24 07:12:28,19.9103,109.6859,71.1,64,73,10.78
69,Qaqortoq,GL,2021-11-24 07:12:29,60.7167,-46.0333,28.9,92,100,12.3
70,Bathsheba,BB,2021-11-24 07:12:29,13.2167,-59.5167,77.61,83,40,5.75
71,New Norfolk,AU,2021-11-24 07:12:29,-42.7826,147.0587,70.75,61,98,1.99
72,Nushki,PK,2021-11-24 07:12:30,29.5542,66.0215,72.5,19,1,5.08
73,Cidreira,BR,2021-11-24 07:12:30,-30.1811,-50.2056,62.82,71,1,6.2
74,Coquimbo,CL,2021-11-24 07:12:30,-29.9533,-71.3436,58.73,82,90,5.75
75,Verkhnyaya Toyma,RU,2021-11-24 07:12:31,62.2349,44.9985,9.82,97,100,3.51
76,East London,ZA,2021-11-24 07:12:31,-33.0153,27.9116,60.35,80,99,6.73
77,Port Alfred,ZA,2021-11-24 07:12:31,-33.5906,26.891,63.03,70,91,9.55
78,Piraquara,BR,2021-11-24 07:12:32,-25.4417,-49.0633,62.31,89,90,5.75
79,Mahebourg,MU,2021-11-24 07:12:32,-20.4081,57.7,81.25,66,79,11.77
80,Nizwa,OM,2021-11-24 07:09:54,22.9333,57.5333,87.3,17,19,3.38
81,Awbari,LY,2021-11-24 07:12:33,26.5921,12.7805,70.43,32,6,6.2
82,Bethel,US,2021-11-24 07:12:33,41.3712,-73.414,31.19,65,1,3.0
83,Chimoio,MZ,2021-11-24 07:12:34,-19.1164,33.4833,79.57,60,100,9.22
84,Hilo,US,2021-11-24 07:12:34,19.7297,-155.09,82.27,86,75,0.0
85,Bengkulu,ID,2021-11-24 07:10:58,-3.8004,102.2655,82.36,65,100,1.41
86,Butaritari,KI,2021-11-24 07:12:35,3.0707,172.7902,81.79,73,20,10.09
87,Bac Lieu,VN,2021-11-24 07:12:35,9.285,105.7244,85.39,67,100,18.37
88,Nanortalik,GL,2021-11-24 07:12:35,60.1432,-45.2371,36.73,95,100,13.62
89,Narsaq,GL,2021-11-24 07:12:36,60.9167,-46.05,28.62,95,100,11.56
90,Leningradskiy,RU,2021-11-24 07:13:36,69.3833,178.4167,-17.54,81,100,3.0
91,Banjarmasin,ID,2021-11-24 07:13:36,-3.3244,114.591,87.94,74,82,5.48
92,Yar-Sale,RU,2021-11-24 07:13:37,66.8333,70.8333,8.13,95,100,6.02
93,Tuktoyaktuk,CA,2021-11-24 07:13:37,69.4541,-133.0374,-7.6,100,100,4.79
94,Vestmannaeyjar,IS,2021-11-24 07:13:38,63.4427,-20.2734,36.95,69,0,28.05
95,Matucana,PE,2021-11-24 07:13:38,-11.85,-76.4,37.18,89,100,1.32
96,Phan Thiet,VN,2021-11-24 07:10:54,10.9333,108.1,85.82,67,100,17.27
97,Barrow,US,2021-11-24 07:13:39,71.2906,-156.7887,-0.38,71,90,11.5
98,Puerto Escondido,MX,2021-11-24 07:13:39,15.85,-97.0667,76.98,65,0,5.23
99,Pevek,RU,2021-11-24 07:13:40,69.7008,170.3133,-22.32,100,100,4.0
100,Uige,AO,2021-11-24 07:13:40,-7.6087,15.0613,68.85,97,100,1.66
101,Torbay,CA,2021-11-24 07:13:40,47.6666,-52.7314,45.28,97,100,1.99
102,Half Moon Bay,US,2021-11-24 07:13:41,37.4636,-122.4286,57.4,82,40,0.0
103,Sorland,NO,2021-11-24 07:13:41,67.667,12.6934,35.46,51,40,18.41
104,Nurota,UZ,2021-11-24 07:13:42,40.5614,65.6886,57.29,38,62,9.82
105,Zhanaozen,KZ,2021-11-24 07:13:42,43.3,52.8,49.55,77,100,12.82
106,Ahipara,NZ,2021-11-24 07:13:42,-35.1667,173.1667,61.36,90,100,3.13
107,Mehamn,NO,2021-11-24 07:13:43,71.0357,27.8492,23.18,67,0,11.5
108,Provideniya,RU,2021-11-24 07:13:43,64.3833,-173.3,5.61,74,6,5.7
109,Sorong,ID,2021-11-24 07:13:44,-0.8833,131.25,85.77,72,67,5.32
110,Fairbanks,US,2021-11-24 07:09:26,64.8378,-147.7164,-8.39,72,1,0.0
111,Lisala,CD,2021-11-24 07:13:44,2.15,21.5167,81.5,54,6,1.61
112,Wattegama,LK,2021-11-24 07:13:45,6.7989,81.4808,83.91,72,100,7.58
113,Ponta Do Sol,PT,2021-11-24 07:13:45,32.6667,-17.1,67.01,82,100,11.07
114,Thompson,CA,2021-11-24 07:13:45,55.7435,-97.8558,-7.06,84,100,10.22
115,Srednekolymsk,RU,2021-11-24 07:13:46,67.45,153.6833,-13.77,96,100,1.16
116,Sitka,US,2021-11-24 07:13:45,57.0531,-135.33,37.29,70,90,18.41
117,Lompoc,US,2021-11-24 07:10:32,34.6391,-120.4579,66.09,86,1,0.0
118,Samarai,PG,2021-11-24 07:13:46,-10.6167,150.6667,84.79,74,34,10.11
119,Kahului,US,2021-11-24 07:13:47,20.8947,-156.47,75.85,74,20,3.44
120,Egvekinot,RU,2021-11-24 07:13:47,66.3167,-179.1667,-4.99,66,88,6.44
121,Aklavik,CA,2021-11-24 07:13:48,68.2191,-135.0107,-19.48,99,98,3.38
122,Padang,ID,2021-11-24 07:10:00,-0.9492,100.3543,87.85,69,100,4.56
123,Chino Valley,US,2021-11-24 07:13:48,34.7575,-112.4538,52.36,81,1,1.99
124,Bilma,NE,2021-11-24 07:13:49,18.6853,12.9164,75.49,20,1,6.24
125,Hualmay,PE,2021-11-24 07:13:49,-11.0964,-77.6139,65.1,87,100,8.41
126,Kapaa,US,2021-11-24 07:13:49,22.0752,-159.319,75.52,70,40,8.05
127,Jiaojiang,CN,2021-11-24 07:13:50,28.6803,121.4428,63.0,54,51,4.61
128,Burnie,AU,2021-11-24 07:13:50,-41.0667,145.9167,63.72,78,100,4.07
129,Lebu,CL,2021-11-24 07:13:51,-37.6167,-73.65,53.83,96,65,4.52
130,Dourbali,TD,2021-11-24 07:13:51,11.8091,15.8632,81.75,17,100,14.47
131,Haimen,CN,2021-11-24 07:13:52,23.1935,116.6142,66.97,54,0,12.26
132,Qaanaaq,GL,2021-11-24 07:13:52,77.484,-69.3632,-6.39,64,0,6.96
133,Trairi,BR,2021-11-24 07:13:44,-3.2778,-39.2689,80.8,73,98,10.85
134,Vila Do Maio,CV,2021-11-24 07:13:53,15.1333,-23.2167,74.19,78,100,9.4
135,Marsh Harbour,BS,2021-11-24 07:13:53,26.5412,-77.0636,69.64,64,100,20.74
136,Saint-Philippe,RE,2021-11-24 07:14:53,-21.3585,55.7679,83.75,68,22,10.27
137,Kormilovka,RU,2021-11-24 07:14:54,55.0026,74.1028,11.95,92,100,12.77
138,Makokou,GA,2021-11-24 07:14:54,0.5738,12.8642,72.41,93,80,0.96
139,Sint-Truiden,BE,2021-11-24 07:14:55,50.8154,5.184,42.85,89,7,3.31
140,Taber,CA,2021-11-24 07:14:55,49.8167,-112.1518,22.87,86,100,6.91
141,Bandarbeyla,SO,2021-11-24 07:14:55,9.4942,50.8122,85.68,55,37,19.06
142,Port Blair,IN,2021-11-24 07:14:56,11.6667,92.75,83.8,78,100,16.69
143,Haines Junction,CA,2021-11-24 07:14:56,60.7522,-137.5108,-4.05,77,100,1.14
144,Douglas,US,2021-11-24 07:14:56,41.3,-96.167,55.89,54,1,5.01
145,Bluff,NZ,2021-11-24 07:14:57,-46.6,168.3333,56.89,74,100,14.97
146,Chokurdakh,RU,2021-11-24 07:14:57,70.6333,147.9167,-21.5,98,100,3.31
147,Bani,DO,2021-11-24 07:14:58,18.2833,-70.3333,74.21,84,100,4.32
148,Dikson,RU,2021-11-24 07:14:58,73.5069,80.5464,9.57,91,100,8.1
149,Bambous Virieux,MU,2021-11-24 07:14:58,-20.3428,57.7575,84.45,61,20,21.85
150,San Cristobal,VE,2021-11-24 07:14:59,7.7669,-72.225,65.7,87,100,1.43
151,Saint George,US,2021-11-24 07:15:00,37.1041,-113.5841,54.36,40,1,0.0
152,Vaini,TO,2021-11-24 07:15:00,-21.2,-175.2,78.96,89,20,2.3
153,Coihaique,CL,2021-11-24 07:15:00,-45.5752,-72.0662,54.21,82,90,6.91
154,Xiaoshan,CN,2021-11-24 07:15:01,30.1675,120.2588,62.46,23,0,8.95
155,Nantucket,US,2021-11-24 07:15:01,41.2835,-70.0995,33.96,59,1,17.27
156,Makakilo City,US,2021-11-24 07:15:01,21.3469,-158.0858,73.72,72,1,4.61
157,Tasiilaq,GL,2021-11-24 07:15:02,65.6145,-37.6368,24.96,75,100,4.63
158,Olafsvik,IS,2021-11-24 07:15:02,64.8945,-23.7142,33.19,62,20,12.59
159,Lucapa,AO,2021-11-24 07:15:02,-8.4192,20.7447,71.26,86,100,2.13
160,Wagar,SD,2021-11-24 07:15:03,16.1525,36.2032,78.84,52,1,7.34
161,Dingle,PH,2021-11-24 07:15:03,10.9995,122.6711,80.8,86,100,13.27
162,Diebougou,BF,2021-11-24 07:15:04,10.9667,-3.25,73.9,25,0,3.11
163,Mendoza,AR,2021-11-24 07:11:04,-32.8908,-68.8272,71.4,63,0,3.09
164,Manavalakurichi,IN,2021-11-24 07:15:04,8.1333,77.3,84.29,82,100,1.32
165,Bubaque,GW,2021-11-24 07:15:04,11.2833,-15.8333,81.97,79,51,10.02
166,Kasangulu,CD,2021-11-24 07:15:05,-4.5911,15.1708,74.62,91,77,3.62
167,Ajdabiya,LY,2021-11-24 07:15:06,30.7554,20.2263,68.36,53,88,8.34
168,Mvomero,TZ,2021-11-24 07:15:06,-6.25,38.6667,90.37,50,16,6.8
169,Hambantota,LK,2021-11-24 07:15:07,6.1241,81.1185,84.47,67,100,2.86
170,Khammam,IN,2021-11-24 07:15:07,17.25,80.15,86.9,61,17,5.73
171,Noumea,NC,2021-11-24 07:14:51,-22.2763,166.4572,80.01,99,100,9.04
172,Utete,TZ,2021-11-24 07:15:08,-7.986,38.758,92.17,45,79,4.05
173,Alofi,NU,2021-11-24 07:10:59,-19.0595,-169.9187,78.58,74,12,6.55
174,Srivardhan,IN,2021-11-24 07:15:08,18.0333,73.0167,89.38,61,66,4.79
175,Gerash,IR,2021-11-24 07:15:09,27.6652,54.1371,70.99,24,13,5.3
176,Silifke,TR,2021-11-24 07:15:09,36.3778,33.9344,64.69,79,38,5.5
177,Cap Malheureux,MU,2021-11-24 07:15:10,-19.9842,57.6142,84.69,67,86,8.99
178,Walvis Bay,NA,2021-11-24 07:15:10,-22.9575,14.5053,59.09,82,90,10.36
179,San Miguel,SV,2021-11-24 07:15:11,13.4833,-88.1833,71.08,74,46,3.22
180,Ugoofaaru,MV,2021-11-24 07:15:11,5.6667,73.0,81.27,72,100,15.08
181,Husavik,IS,2021-11-24 07:16:11,66.0449,-17.3389,30.11,73,100,28.12
182,Henties Bay,NA,2021-11-24 07:16:12,-22.116,14.2845,58.86,79,98,3.24
183,Constitucion,CL,2021-11-24 07:12:49,-35.3333,-72.4167,55.04,87,74,11.36
184,Kieta,PG,2021-11-24 07:16:12,-6.2167,155.6333,83.32,76,36,4.7
185,Pechenga,RU,2021-11-24 07:16:13,69.5259,31.1703,23.86,96,100,5.7
186,Souillac,MU,2021-11-24 07:16:13,-20.5167,57.5167,84.58,61,20,21.85
187,San Vicente,AR,2021-11-24 07:16:14,-26.6167,-54.1333,63.91,77,71,3.31
188,Nichinan,JP,2021-11-24 07:16:14,31.6,131.3667,58.68,56,22,9.26
189,Carbonia,IT,2021-11-24 07:16:15,39.1672,8.5222,54.25,87,100,6.29
190,Poum,NC,2021-11-24 07:16:15,-20.2333,164.0167,77.95,82,100,6.17
191,Torrelavega,ES,2021-11-24 07:16:16,43.3494,-4.0479,52.81,97,100,1.01
192,Shingu,JP,2021-11-24 07:16:16,33.7333,135.9833,54.59,61,8,8.19
193,Los Llanos De Aridane,ES,2021-11-24 07:16:17,28.6585,-17.9182,64.15,81,99,7.0
194,Gat,IL,2021-11-24 07:16:17,31.61,34.7642,71.78,36,12,0.98
195,Nishihara,JP,2021-11-24 07:16:18,26.1842,127.7558,69.85,47,40,8.05
196,College,US,2021-11-24 07:16:18,64.8569,-147.8028,-7.94,73,20,5.75
197,Kipushi,CD,2021-11-24 07:16:18,-11.7667,27.2333,74.77,66,100,4.36
198,Celestun,MX,2021-11-24 07:16:19,20.8667,-90.4,70.93,74,0,9.84
199,Hofn,IS,2021-11-24 07:16:19,64.2539,-15.2082,36.39,60,2,35.03
200,Adrar,MR,2021-11-24 07:16:19,20.5022,-10.0711,71.28,41,100,9.55
201,Victoria,HK,2021-11-24 07:16:20,22.2855,114.1577,75.18,62,0,1.01
202,Marigot,MF,2021-11-24 07:16:20,18.0667,-63.0833,79.05,88,20,1.14
203,Kalmar,SE,2021-11-24 07:16:21,56.6616,16.3616,42.73,87,0,8.05
204,Carutapera,BR,2021-11-24 07:16:21,-1.195,-46.02,77.45,86,82,5.46
205,Maningrida,AU,2021-11-24 07:16:21,-12.0667,134.2667,89.37,52,100,13.69
206,Airai,TL,2021-11-24 07:16:22,-8.9266,125.4092,68.09,82,100,1.23
207,Shenjiamen,CN,2021-11-24 07:16:22,29.9576,122.298,52.54,38,70,2.95
208,Luanda,AO,2021-11-24 07:14:30,-8.8368,13.2343,78.57,79,100,7.27
209,Chapais,CA,2021-11-24 07:16:23,49.7834,-74.8492,13.78,98,76,3.91
210,Tam Ky,VN,2021-11-24 07:16:23,15.5667,108.4833,75.18,90,100,13.29
211,Kuantan,MY,2021-11-24 07:16:23,3.8077,103.326,78.91,89,40,4.61
212,Acapulco,MX,2021-11-24 07:16:16,16.8634,-99.8901,76.71,85,6,4.32
213,Luderitz,NA,2021-11-24 07:16:24,-26.6481,15.1594,71.37,53,10,19.26
214,Lorengau,PG,2021-11-24 07:16:25,-2.0226,147.2712,80.46,80,100,8.19
215,Cochrane,CA,2021-11-24 07:16:25,51.1834,-114.4687,23.27,76,90,10.36
216,Esperance,AU,2021-11-24 07:16:25,-33.8667,121.9,64.24,57,0,12.19
217,Petrozavodsk,RU,2021-11-24 07:14:02,61.7849,34.3469,26.06,86,90,6.71
218,Paamiut,GL,2021-11-24 07:16:26,61.994,-49.6678,36.34,88,100,42.39
219,Morwell,AU,2021-11-24 07:16:27,-38.2333,146.4,74.34,93,100,2.04
220,Olden,NO,2021-11-24 07:16:27,61.8364,6.8064,48.0,99,100,10.51
221,Ribeira Grande,PT,2021-11-24 07:16:27,38.5167,-28.7,68.4,88,20,17.27
222,Keningau,MY,2021-11-24 07:16:28,5.3378,116.1602,83.75,69,74,1.36
223,Trojes,AL,2021-11-24 07:16:28,41.756,19.962,41.49,73,9,9.46
224,Ancud,CL,2021-11-24 07:16:29,-41.8697,-73.8203,53.42,96,6,2.08
225,Tiarei,PF,2021-11-24 07:16:29,-17.5333,-149.3333,78.82,78,51,7.36
226,Clarence Town,AU,2021-11-24 07:16:30,-32.5833,151.7833,74.95,90,100,6.62
227,Atar,MR,2021-11-24 07:17:30,20.5169,-13.0499,76.19,38,98,7.23
228,Cabo San Lucas,MX,2021-11-24 07:14:06,22.8909,-109.9124,73.51,76,90,4.0
229,Ust-Ilimsk,RU,2021-11-24 07:17:31,58.0006,102.6619,24.87,84,93,6.24
230,Namatanai,PG,2021-11-24 07:17:31,-3.6667,152.4333,83.21,75,72,10.11
231,Codajas,BR,2021-11-24 07:17:32,-3.8367,-62.0569,72.64,91,93,1.34
232,San Patricio,US,2021-11-24 07:17:32,28.017,-97.5169,71.46,72,100,8.63
233,Nhlangano,SZ,2021-11-24 07:17:32,-27.1167,31.2,58.44,74,100,5.77
234,Isangel,VU,2021-11-24 07:17:33,-19.55,169.2667,75.63,84,100,3.94
235,Buin,CL,2021-11-24 07:17:33,-33.7333,-70.75,65.73,88,0,2.55
236,Weligama,LK,2021-11-24 07:17:33,5.9667,80.4167,83.66,70,100,3.71
237,Inongo,CD,2021-11-24 07:17:34,-1.95,18.2667,71.51,97,100,3.22
238,Santo Nino,PH,2021-11-24 07:17:34,6.435,124.6975,77.97,91,100,1.81
239,Mbanza-Ngungu,CD,2021-11-24 07:17:34,-5.25,14.8667,71.67,93,95,4.9
240,Ilulissat,GL,2021-11-24 07:17:35,69.2167,-51.1,37.42,65,20,20.71
241,Samarinda,ID,2021-11-24 07:17:35,-0.5,117.15,87.08,66,94,2.84
242,Kattivakkam,IN,2021-11-24 07:17:36,13.2167,80.3167,89.69,78,97,10.71
243,Bunda,TZ,2021-11-24 07:17:36,-2.05,33.8667,84.79,33,20,2.95
244,Duldurga,RU,2021-11-24 07:17:36,50.6761,113.5931,16.65,74,100,0.6
245,Calolziocorte,IT,2021-11-24 07:17:37,45.7954,9.4377,45.9,95,1,2.75
246,Hatillo,PR,2021-11-24 07:17:37,18.4863,-66.8254,76.89,88,92,1.01
247,Saint-Joseph,RE,2021-11-24 07:17:38,-21.3667,55.6167,84.56,66,30,0.54
248,Lavrentiya,RU,2021-11-24 07:17:38,65.5833,-171.0,-1.34,90,5,8.21
249,Llangefni,GB,2021-11-24 07:17:39,53.2556,-4.3106,47.73,76,75,13.8
250,Camana,PE,2021-11-24 07:16:12,-16.6228,-72.7111,66.07,85,100,6.13
251,Varadero,CU,2021-11-24 07:17:39,23.1536,-81.2514,57.96,65,0,14.47
252,Humenne,SK,2021-11-24 07:17:40,48.9371,21.9163,38.08,85,16,1.32
253,Kashi,CN,2021-11-24 07:17:40,39.4547,75.9797,40.21,33,97,4.47
254,Ukiah,US,2021-11-24 07:13:29,39.1502,-123.2078,55.04,88,1,0.0
255,Castro,BR,2021-11-24 07:17:41,-24.7911,-50.0119,59.81,92,100,9.1
256,Saskylakh,RU,2021-11-24 07:17:41,71.9167,114.0833,-17.03,89,31,12.15
257,Ferme-Neuve,CA,2021-11-24 07:17:42,46.7001,-75.4493,11.98,79,3,1.41
258,Kununurra,AU,2021-11-24 07:13:55,-15.7667,128.7333,100.38,37,21,5.75
259,Aitape,PG,2021-11-24 07:17:42,-3.1374,142.3475,80.8,85,100,3.65
260,Keti Bandar,PK,2021-11-24 07:17:43,24.1447,67.4497,82.24,47,96,8.57
261,Kudahuvadhoo,MV,2021-11-24 07:17:43,2.6708,72.8944,82.47,73,100,16.96
262,Jacareacanga,BR,2021-11-24 07:17:43,-6.2222,-57.7528,74.07,89,100,0.43
263,Inhambane,MZ,2021-11-24 07:17:44,-23.865,35.3833,74.98,63,100,14.81
264,Southbridge,US,2021-11-24 07:17:44,42.0751,-72.0334,27.34,58,0,1.01
265,Deputatskiy,RU,2021-11-24 07:17:45,69.3,139.9,-25.87,95,86,4.92
266,San Carlos,VE,2021-11-24 07:17:45,9.6612,-68.5827,74.25,88,77,3.36
267,Petropavlovsk-Kamchatskiy,RU,2021-11-24 07:17:46,53.0452,158.6483,37.99,75,75,15.66
268,Bonavista,CA,2021-11-24 07:17:46,48.6499,-53.1147,45.12,96,100,25.61
269,Puerto Del Rosario,ES,2021-11-24 07:17:47,28.5004,-13.8627,64.08,88,20,6.91
270,Nouadhibou,MR,2021-11-24 07:17:47,20.931,-17.0347,69.78,78,100,11.5
271,Hasaki,JP,2021-11-24 07:17:48,35.7333,140.8333,59.29,30,18,9.78
272,Union Hidalgo,MX,2021-11-24 07:17:48,16.4723,-94.8295,72.99,76,4,19.73
273,Nueve De Julio,AR,2021-11-24 07:18:48,-35.4444,-60.8831,58.71,39,0,8.93
274,Klaksvik,FO,2021-11-24 07:18:49,62.2266,-6.589,38.32,62,84,30.2
275,Buala,SB,2021-11-24 07:18:49,-8.145,159.5921,82.87,75,100,6.33
276,Gimbi,ET,2021-11-24 07:18:50,9.1667,35.8333,70.11,46,39,1.68
277,Zhangjiakou,CN,2021-11-24 07:18:50,40.81,114.8794,36.55,45,0,7.36
278,Touros,BR,2021-11-24 07:18:50,-5.1989,-35.4608,74.3,80,100,9.13
279,Clyde River,CA,2021-11-24 07:18:51,70.4692,-68.5914,14.23,92,100,25.32
280,Buarcos,PT,2021-11-24 07:18:51,40.166,-8.8768,45.55,93,2,5.88
281,Salta,AR,2021-11-24 07:15:35,-24.7859,-65.4117,63.19,93,75,1.99
282,Katsuura,JP,2021-11-24 07:18:52,35.1333,140.3,60.19,61,0,13.18
283,Omsukchan,RU,2021-11-24 07:18:52,62.5333,155.8,-10.16,100,100,3.13
284,Tsiroanomandidy,MG,2021-11-24 07:18:53,-18.7667,46.0333,84.38,50,28,4.47
285,Kijang,KR,2021-11-24 07:18:53,35.2442,129.2139,55.13,42,6,11.39
286,Brun,AM,2021-11-24 07:18:53,39.5349,46.3073,47.34,39,66,9.95
287,Laguna,US,2021-11-24 07:18:54,38.421,-121.4238,56.46,58,1,3.0
288,Asfi,MA,2021-11-24 07:18:54,32.2994,-9.2372,59.7,61,19,4.05
289,Khani,GE,2021-11-24 07:18:55,41.9563,42.9566,42.37,75,89,1.99
290,Iqaluit,CA,2021-11-24 07:16:54,63.7506,-68.5145,22.73,73,75,15.99
291,Zachary,US,2021-11-24 07:18:55,30.6485,-91.1565,43.74,96,1,3.44
292,Adiake,CI,2021-11-24 07:18:56,5.2863,-3.304,80.19,81,44,2.82
293,Diffa,NE,2021-11-24 07:18:56,13.3154,12.6113,79.0,28,85,11.5
294,Rio Grande,BR,2021-11-24 07:18:57,-32.035,-52.0986,59.77,72,0,7.25
295,Seoul,KR,2021-11-24 07:14:27,37.5683,126.9778,49.44,53,58,9.28
296,Flin Flon,CA,2021-11-24 07:18:57,54.7682,-101.865,-5.08,94,76,7.9
297,Luba,GQ,2021-11-24 07:18:57,3.4568,8.5547,80.73,76,38,2.04
298,Chara,RU,2021-11-24 07:18:58,56.9064,118.2631,-10.88,95,51,0.25
299,Volga,RU,2021-11-24 07:18:58,57.9516,38.3879,20.91,83,100,11.63
300,La Rioja,ES,2021-11-24 07:18:59,42.25,-2.5,36.48,95,100,2.53
301,Caraballeda,VE,2021-11-24 07:18:59,10.6112,-66.8522,80.37,85,40,0.0
302,Ortona,IT,2021-11-24 07:19:00,42.3496,14.4039,51.15,84,100,8.16
303,Ribas Do Rio Pardo,BR,2021-11-24 07:19:00,-20.4431,-53.7592,76.42,70,100,2.04
304,Riachao,BR,2021-11-24 07:19:01,-7.3619,-46.6172,71.64,91,38,3.27
305,Mar Del Plata,AR,2021-11-24 07:19:01,-38.0023,-57.5575,66.09,51,0,1.99
306,Khandyga,RU,2021-11-24 07:19:01,62.6667,135.6,-14.78,98,100,1.97
307,Sabang,ID,2021-11-24 07:19:02,5.8933,95.3214,82.56,74,100,6.91
308,Pundaguitan,PH,2021-11-24 07:19:02,6.3711,126.1689,81.84,80,100,14.32
309,Port Moresby,PG,2021-11-24 07:15:19,-9.4431,147.1797,83.19,76,39,4.45
310,Sao Filipe,CV,2021-11-24 07:19:03,14.8961,-24.4956,78.8,71,18,4.59
311,Fortuna,US,2021-11-24 07:19:03,40.5982,-124.1573,47.98,70,1,0.0
312,Kavaratti,IN,2021-11-24 07:19:04,10.5669,72.642,78.58,86,100,13.62
313,Nhulunbuy,AU,2021-11-24 07:19:04,-12.2333,136.7667,90.21,62,99,12.66
314,Okoneshnikovo,RU,2021-11-24 07:19:04,54.8377,75.0834,17.55,91,100,12.57
315,Santa Rosa,PH,2021-11-24 07:14:33,14.3122,121.1114,90.1,60,62,15.57
316,Korla,CN,2021-11-24 07:19:05,41.7597,86.1469,36.95,39,0,7.05
317,Saint-Augustin,CA,2021-11-24 07:17:49,51.226,-58.6502,41.85,98,100,16.28
318,Santa Vitoria Do Palmar,BR,2021-11-24 07:19:06,-33.5189,-53.3681,52.45,81,0,4.61
319,Teya,RU,2021-11-24 07:19:06,60.3778,92.6267,25.88,88,100,12.33
320,Gadwal,IN,2021-11-24 07:20:07,16.2333,77.8,86.79,56,96,10.36
321,Gizo,SB,2021-11-24 07:20:07,-8.103,156.8419,84.88,69,100,3.6
322,Orbe,CH,2021-11-24 07:20:08,46.725,6.5307,43.23,98,99,4.72
323,Salalah,OM,2021-11-24 07:20:08,17.0151,54.0924,91.49,24,0,11.5
324,Vao,NC,2021-11-24 07:20:08,-22.6667,167.4833,74.25,77,100,14.18
325,Harunabad,PK,2021-11-24 07:20:09,29.6133,73.1389,84.31,8,5,7.74
326,Leua,SK,2021-11-24 07:20:09,48.2156,18.6071,32.5,74,4,2.1
327,Muros,ES,2021-11-24 07:20:10,42.7762,-9.0603,53.83,83,63,14.58
328,Igarka,RU,2021-11-24 07:20:10,67.4667,86.5833,15.28,92,100,15.17
329,Bayan,CN,2021-11-24 07:20:10,46.0833,127.4,16.79,91,100,13.78
330,Hobyo,SO,2021-11-24 07:20:11,5.3505,48.5268,85.06,59,9,8.25
331,Roald,NO,2021-11-24 07:20:11,62.5833,6.1333,48.34,87,75,18.41
332,Pierre,US,2021-11-24 07:20:12,44.3683,-100.351,40.12,65,1,17.27
333,Abaete,BR,2021-11-24 07:16:28,-19.16,-45.4458,69.01,71,9,3.36
334,Perry,US,2021-11-24 07:20:12,37.2506,-83.1999,32.72,58,0,3.18
335,Qasigiannguit,GL,2021-11-24 07:20:12,68.8193,-51.1922,37.65,71,100,28.03
336,Evensk,RU,2021-11-24 07:20:13,61.95,159.2333,10.98,73,100,9.89
337,Lagoa,PT,2021-11-24 07:20:13,39.05,-27.9833,64.98,87,92,24.14
338,Detchino,RU,2021-11-24 07:20:14,54.8092,36.3075,21.65,57,26,13.85
339,Mutum,BR,2021-11-24 07:20:14,-19.8,-41.4383,67.17,94,61,1.48
340,Byron Bay,AU,2021-11-24 07:18:45,-28.65,153.6167,75.15,91,100,11.01
341,Muana,BR,2021-11-24 07:20:14,-1.5283,-49.2167,75.4,94,98,3.74
342,Plymouth,US,2021-11-24 07:20:15,41.8334,-70.8328,30.67,61,1,1.01
343,Pangody,RU,2021-11-24 07:20:15,65.85,74.4859,7.27,95,100,8.9
344,Barranca,PE,2021-11-24 07:20:16,-10.75,-77.7667,64.04,89,100,6.64
345,Zhigansk,RU,2021-11-24 07:20:16,66.7697,123.3711,-35.3,100,37,2.19
346,Sinnamary,GF,2021-11-24 07:20:16,5.3833,-52.95,78.1,87,54,8.05
347,Saldanha,ZA,2021-11-24 07:20:17,-33.0117,17.9442,64.92,68,49,18.16
348,Wau,SS,2021-11-24 07:20:18,7.7029,27.9953,84.96,18,47,7.85
349,Quang Ngai,VN,2021-11-24 07:20:18,15.1167,108.8,73.96,93,100,9.31
350,Sharqpur,PK,2021-11-24 07:20:18,31.4633,74.1,75.33,13,0,5.44
351,Ozinki,RU,2021-11-24 07:20:19,51.1786,49.6769,21.94,60,98,8.1
352,Brae,GB,2021-11-24 07:20:19,60.3964,-1.353,46.31,67,63,22.21
353,Horana,LK,2021-11-24 07:20:20,6.7166,80.0619,85.06,65,100,1.12
354,Lower Hutt,NZ,2021-11-24 07:20:20,-41.2167,174.9167,63.32,67,6,11.5
355,Kulhudhuffushi,MV,2021-11-24 07:20:21,6.6221,73.07,80.1,80,100,12.66
356,Rudbar,AF,2021-11-24 07:20:21,30.15,62.6,73.45,14,2,6.35
357,Salinopolis,BR,2021-11-24 07:20:21,-0.6136,-47.3561,79.32,86,84,9.55
358,Khorixas,NA,2021-11-24 07:20:22,-20.3667,14.9667,74.21,17,0,1.81
359,Bahile,PH,2021-11-24 07:20:22,9.9995,118.7878,87.82,62,96,5.46
360,Sao Miguel Do Tapuio,BR,2021-11-24 07:20:22,-5.5036,-41.3233,74.21,79,100,2.17
361,Longyearbyen,SJ,2021-11-24 07:20:23,78.2186,15.6401,4.84,56,0,17.27
362,Marystown,CA,2021-11-24 07:20:23,47.1666,-55.1483,49.86,100,100,8.01
363,Nebolchi,RU,2021-11-24 07:20:24,59.1239,33.3454,28.56,95,100,15.08
364,Baoning,CN,2021-11-24 07:20:24,25.3378,110.026,62.46,42,75,4.47
365,Chernyshevskiy,RU,2021-11-24 07:20:24,63.0128,112.4714,-9.22,92,100,4.07
366,Oskarshamn,SE,2021-11-24 07:20:25,57.2645,16.4484,42.57,91,8,12.39
367,Guerrero Negro,MX,2021-11-24 07:20:25,27.9769,-114.0611,63.39,85,5,9.22
368,Tomatlan,MX,2021-11-24 07:20:25,19.9333,-105.25,69.17,93,9,3.06
369,Buenavista,PH,2021-11-24 07:21:26,8.9769,125.4089,77.88,91,100,5.01
370,Vila Velha,BR,2021-11-24 07:21:26,-20.3297,-40.2925,70.95,95,0,1.14
371,Salaya,IN,2021-11-24 07:21:27,22.3167,69.6,83.17,39,24,5.41
372,Biograd Na Moru,HR,2021-11-24 07:21:27,43.9433,15.4519,48.76,73,13,6.51
373,Almaznyy,RU,2021-11-24 07:21:27,48.0448,40.045,30.34,64,100,10.27
374,Carlton,US,2021-11-24 07:19:43,45.2943,-123.1765,44.06,93,20,0.0
375,Alta Floresta,BR,2021-11-24 07:21:28,-9.8756,-56.0861,70.75,98,90,2.48
376,Kemi,FI,2021-11-24 07:21:28,65.8596,24.8228,19.17,93,90,14.97
377,Udachnyy,RU,2021-11-24 07:21:29,66.4167,112.4,-14.12,88,97,8.01
378,Monzon,ES,2021-11-24 07:21:29,41.9108,0.1941,41.86,83,98,3.27
379,Boguchany,RU,2021-11-24 07:21:30,58.3814,97.4531,29.14,80,100,11.01
380,Harper,LR,2021-11-24 07:21:30,4.375,-7.7169,79.47,84,100,5.93
381,Nemuro,JP,2021-11-24 07:21:30,43.3236,145.575,36.03,55,38,26.22
382,Pangai,TO,2021-11-24 07:21:31,-19.8,-174.35,81.1,70,98,4.27
383,Rafaela,AR,2021-11-24 07:21:31,-31.2503,-61.4867,67.05,40,7,1.99
384,Kurilsk,RU,2021-11-24 07:21:32,45.2333,147.8833,36.99,58,12,10.94
385,Arman,RU,2021-11-24 07:21:32,59.7,150.1667,7.02,78,8,11.5
386,Cap-Aux-Meules,CA,2021-11-24 07:21:32,47.3821,-61.8597,39.22,87,100,23.02
387,Bukama,CD,2021-11-24 07:21:33,-9.2,25.85,76.55,79,100,2.71
388,Truth Or Consequences,US,2021-11-24 07:21:33,33.1284,-107.2528,59.23,37,1,10.36
389,Bartow,US,2021-11-24 07:21:34,27.8964,-81.8431,51.03,79,20,5.01
390,Komsomolskiy,UZ,2021-11-24 07:21:34,40.4272,71.7189,56.12,30,100,0.0
391,Guerrero,MX,2021-11-24 07:21:34,17.6667,-100.0,64.24,79,5,4.07
392,Itaqui,BR,2021-11-24 07:21:35,-29.1253,-56.5531,60.42,61,0,10.07
393,Ilheus,BR,2021-11-24 07:21:35,-14.7889,-39.0494,71.28,95,43,5.39
394,Sao Jose Da Coroa Grande,BR,2021-11-24 07:21:36,-8.8978,-35.1478,77.16,81,79,7.92
395,Salinas,US,2021-11-24 07:20:56,36.6777,-121.6555,57.69,81,1,3.44
396,Teguldet,RU,2021-11-24 07:21:36,57.3064,88.1667,24.84,86,100,12.15
397,Beira,MZ,2021-11-24 07:21:37,-19.8436,34.8389,82.49,78,75,14.97
398,Metro,ID,2021-11-24 07:21:37,-5.1131,105.3067,80.49,77,100,5.61
399,Sola,VU,2021-11-24 07:21:37,-13.8833,167.55,80.33,72,100,19.28
400,Lewistown,US,2021-11-24 07:21:38,40.5992,-77.5714,32.56,58,1,4.61
401,Fallon,US,2021-11-24 07:21:38,39.4735,-118.7774,37.27,43,20,6.91
402,Cururupu,BR,2021-11-24 07:21:39,-1.8283,-44.8683,75.56,90,65,3.69
403,Ningyang,CN,2021-11-24 07:21:39,35.7642,116.7914,54.18,33,0,3.67
404,Ambon,ID,2021-11-24 07:21:39,-3.6954,128.1814,87.94,70,40,5.75
405,Atherton,GB,2021-11-24 07:21:40,53.5237,-2.4935,46.72,82,99,1.99
406,Inirida,CO,2021-11-24 07:21:40,3.8653,-67.9239,72.48,99,100,1.57
407,Mayo,US,2021-11-24 07:21:40,38.8876,-76.5119,35.94,60,1,4.0
408,Benemerito De Las Americas,MX,2021-11-24 07:21:41,16.5167,-90.6439,63.28,99,62,1.12
409,Vila Franca Do Campo,PT,2021-11-24 07:21:41,37.7167,-25.4333,67.19,90,100,20.6
410,Kirkkonummi,FI,2021-11-24 07:21:41,60.1238,24.4385,40.08,97,100,14.12
411,Shalakusha,RU,2021-11-24 07:21:42,62.2247,40.2539,23.63,92,100,7.27
412,Onguday,RU,2021-11-24 07:21:42,50.75,86.15,36.82,64,100,3.4
413,Yumen,CN,2021-11-24 07:18:21,40.2833,97.2,45.64,14,12,14.81
414,Lata,PT,2021-11-24 07:21:43,40.1629,-8.3327,43.81,94,11,2.71
415,Port-Cartier,CA,2021-11-24 07:22:43,50.0334,-66.8654,29.75,61,100,14.76
416,Sao Joao Da Barra,BR,2021-11-24 07:22:44,-21.6403,-41.0511,70.86,89,100,3.0
417,Kabo,CF,2021-11-24 07:22:44,7.6994,18.629,81.59,28,2,3.47
418,Miraflores,MX,2021-11-24 07:22:45,19.2167,-98.8083,58.03,87,81,2.3
419,Campina Verde,BR,2021-11-24 07:22:45,-19.5356,-49.4864,74.03,45,100,4.7
420,Lakes Entrance,AU,2021-11-24 07:22:46,-37.8811,147.981,65.1,87,100,1.79
421,Kuito,AO,2021-11-24 07:22:46,-12.3833,16.9333,66.34,88,0,4.61
422,Mitsamiouli,KM,2021-11-24 07:22:47,-11.3847,43.2844,91.69,43,20,10.36
423,Chissamba,AO,2021-11-24 07:22:47,-12.1667,17.3333,69.98,62,100,3.94
424,Fonte Boa,BR,2021-11-24 07:22:47,-2.4959,-66.2662,73.11,99,65,2.28
425,Jalu,LY,2021-11-24 07:22:48,29.0331,21.5482,69.85,28,27,2.98
426,Jumla,NP,2021-11-24 07:22:48,29.2747,82.1838,60.4,22,0,6.71
427,Podor,MR,2021-11-24 07:22:48,16.6527,-14.9587,73.35,56,0,2.3
428,Mzimba,MW,2021-11-24 07:22:49,-11.9,33.6,87.91,25,25,3.56
429,Tiznit,MA,2021-11-24 07:22:49,29.5833,-9.5,56.3,97,89,5.55
430,Havelock,US,2021-11-24 07:22:50,34.8791,-76.9013,42.75,82,0,6.73
431,Barra Patuca,HN,2021-11-24 07:22:50,15.8,-84.2833,76.96,80,100,14.05
432,Tuatapere,NZ,2021-11-24 07:22:50,-46.1333,167.6833,57.92,74,100,7.14
433,Yenagoa,NG,2021-11-24 07:22:51,4.9247,6.2642,77.99,87,100,1.68
434,Najran,SA,2021-11-24 07:22:51,17.4924,44.1277,74.05,26,44,8.77
435,Ampanihy,MG,2021-11-24 07:22:52,-24.7,44.75,86.67,44,100,15.99
436,Mount Isa,AU,2021-11-24 07:22:52,-20.7333,139.5,78.57,69,90,3.44
437,Ostrovnoy,RU,2021-11-24 07:22:53,68.0531,39.5131,30.42,57,100,20.87
438,Berlevag,NO,2021-11-24 07:22:53,70.8578,29.0864,24.6,79,75,9.22
439,Maumere,ID,2021-11-24 07:22:54,-8.6199,122.2111,85.71,67,96,2.93
440,Hami,CN,2021-11-24 07:22:54,42.8,93.45,33.66,51,45,4.63
441,Taoudenni,ML,2021-11-24 07:22:54,22.6783,-3.9836,74.59,38,100,5.41
442,Were Ilu,ET,2021-11-24 07:22:55,10.6,39.4333,61.23,31,6,6.04
443,Ebbs,AT,2021-11-24 07:22:55,47.6333,12.2167,33.46,66,1,2.1
444,Las Lomas,PA,2021-11-24 07:22:56,8.4333,-82.4,76.26,87,100,2.3
445,Beringovskiy,RU,2021-11-24 07:22:56,63.05,179.3167,-8.21,87,10,5.55
446,Dongsheng,CN,2021-11-24 07:22:56,39.8161,109.9776,35.47,28,0,13.29
447,Kruisfontein,ZA,2021-11-24 07:22:57,-34.0033,24.7314,60.89,68,100,5.19
448,Sambava,MG,2021-11-24 07:22:57,-14.2667,50.1667,82.72,62,18,6.8
449,Porto Empedocle,IT,2021-11-24 07:22:58,37.2934,13.5264,60.04,81,98,4.18
450,Zermatt,CH,2021-11-24 07:22:58,46.0213,7.7491,33.35,79,0,8.05
451,Raahe,FI,2021-11-24 07:22:58,64.6833,24.4833,29.01,78,100,20.47
452,Loikaw,MM,2021-11-24 07:22:59,19.6742,97.2094,80.6,54,20,2.3
453,Presidencia Roque Saenz Pena,AR,2021-11-24 07:22:59,-26.7852,-60.4388,71.51,69,90,3.8
454,Matara,LK,2021-11-24 07:22:59,5.9485,80.5353,84.07,69,100,3.8
455,Amarillo,US,2021-11-24 07:19:55,35.222,-101.8313,58.03,48,1,8.01
456,Portland,US,2021-11-24 07:22:09,45.5234,-122.6762,44.74,93,75,3.0
457,Moron,AR,2021-11-24 07:23:00,-34.6534,-58.6198,64.92,54,0,1.99
458,Camocim,BR,2021-11-24 07:23:01,-2.9022,-40.8411,78.03,83,99,8.93
459,Rantoul,US,2021-11-24 07:23:01,40.3084,-88.1559,37.18,73,1,4.0
460,Seymchan,RU,2021-11-24 07:23:01,62.8833,152.4333,-31.2,100,64,0.25
461,Kenai,US,2021-11-24 07:24:02,60.5544,-151.2583,18.14,86,90,3.44
462,Trincomalee,LK,2021-11-24 07:24:02,8.5711,81.2335,81.63,79,100,9.66
463,Antalaha,MG,2021-11-24 07:24:03,-14.9003,50.2788,81.66,62,11,6.96
464,Tilichiki,RU,2021-11-24 07:24:03,60.4667,166.1,1.45,93,96,8.25
465,Bouna,CI,2021-11-24 07:24:04,9.2667,-3.0,73.13,48,8,3.87
466,Tete,MZ,2021-11-24 07:24:04,-16.1564,33.5867,91.49,49,40,10.36
467,Grand Gaube,MU,2021-11-24 07:24:04,-20.0064,57.6608,84.6,67,85,7.0
468,Santiago Del Estero,AR,2021-11-24 07:20:02,-27.7951,-64.2615,65.8,89,3,6.6
469,Duns,GB,2021-11-24 07:24:05,55.777,-2.3457,46.42,88,100,15.17
470,Venado Tuerto,AR,2021-11-24 07:24:05,-33.7456,-61.9688,60.78,27,0,8.63
471,Williams Lake,CA,2021-11-24 07:24:06,52.1415,-122.1445,26.17,92,40,1.01
472,Talnakh,RU,2021-11-24 07:24:06,69.4865,88.3972,8.02,92,100,9.57
473,Naduvattam,IN,2021-11-24 07:24:06,11.4833,76.5667,69.67,56,21,5.1
474,Phalombe,MW,2021-11-24 07:21:15,-15.8064,35.6507,89.22,37,22,5.14
475,Lazarev,RU,2021-11-24 07:24:07,52.225,141.5131,25.72,91,99,6.33
476,Krasnoselkup,RU,2021-11-24 07:24:07,65.7,82.4667,9.0,94,100,9.71
477,Havre-Saint-Pierre,CA,2021-11-24 07:24:08,50.2334,-63.5986,30.2,86,90,9.22
478,Mastic Beach,US,2021-11-24 07:24:08,40.7668,-72.8521,32.54,65,1,1.99
479,Molina,CL,2021-11-24 07:24:09,-35.1167,-71.2833,56.93,82,90,2.3
480,Dali,CN,2021-11-24 07:24:09,25.7,100.1833,61.41,36,4,2.93
481,Kerchevskiy,RU,2021-11-24 07:24:10,59.946,56.2884,17.35,91,100,7.94
482,Chortomlyk,UA,2021-11-24 07:24:10,47.6232,34.142,32.22,65,69,5.61
483,Balgazyn,RU,2021-11-24 07:24:11,51.0,95.2,26.92,72,100,4.03
484,Mapiripan,CO,2021-11-24 07:24:11,2.8892,-72.1256,72.3,95,98,2.64
485,Inhapim,BR,2021-11-24 07:24:12,-19.5492,-42.12,63.19,92,89,2.06
486,Swift Current,CA,2021-11-24 07:20:03,50.2834,-107.8014,11.21,72,90,21.85
487,Vendome,FR,2021-11-24 07:24:12,47.8,1.0667,37.09,95,4,10.0
488,The Pas,CA,2021-11-24 07:24:12,53.8251,-101.2541,1.42,78,90,14.97
489,Codrington,AU,2021-11-24 07:24:13,-38.2667,141.9667,63.28,79,100,10.78
490,Lyaskelya,RU,2021-11-24 07:24:13,61.7667,31.0167,35.92,96,100,13.2
491,Vila,PT,2021-11-24 07:24:14,42.0304,-8.1588,40.33,82,80,3.83
492,Ambunti,PG,2021-11-24 07:24:14,-4.2365,142.8448,79.9,94,100,3.42
493,Vardo,NO,2021-11-24 07:24:14,70.3705,31.1107,24.55,100,75,10.36
494,Chokwe,MZ,2021-11-24 07:24:15,-24.5333,32.9833,71.8,71,91,11.7
495,Yerbogachen,RU,2021-11-24 07:23:38,61.2767,108.0108,10.74,95,97,7.9
496,Waipawa,NZ,2021-11-24 07:24:15,-41.4122,175.5153,59.63,73,23,4.88
497,Corn Island,NI,2021-11-24 07:24:16,12.1694,-83.0418,81.14,74,100,14.94
498,Ouagadougou,BF,2021-11-24 07:24:16,12.3642,-1.5383,71.73,43,4,2.3
499,Rewari,IN,2021-11-24 07:24:16,28.1833,76.6167,74.98,17,0,6.49
500,Vernon,CA,2021-11-24 07:19:44,50.2581,-119.2691,33.3,84,86,3.44
501,Mweka,CD,2021-11-24 07:24:17,-4.85,21.5667,73.67,89,97,0.45
502,Magaria,NE,2021-11-24 07:24:18,12.9983,8.9099,76.86,20,80,7.25
503,Kungurtug,RU,2021-11-24 07:24:18,50.5994,97.5228,31.62,62,99,3.6
504,Bar Harbor,US,2021-11-24 07:24:18,44.3876,-68.2039,27.23,70,1,9.22
505,Beidao,CN,2021-11-24 07:20:55,34.5686,105.8933,52.93,30,0,1.9
506,Limoux,FR,2021-11-24 07:24:19,42.9167,2.1667,45.82,91,100,3.04
507,Geri,CY,2021-11-24 07:25:19,35.1,33.4167,67.78,77,20,6.91
508,Kirakira,SB,2021-11-24 07:25:20,-10.4544,161.9205,80.42,82,100,9.66
509,Vanavara,RU,2021-11-24 07:25:20,60.34,102.2797,25.07,94,100,10.16
510,Svetlogorsk,BY,2021-11-24 07:25:20,52.6333,29.7333,31.69,92,100,8.08
511,Rumford,US,2021-11-24 07:25:21,44.5537,-70.5509,26.29,69,19,11.61
512,Hervey Bay,AU,2021-11-24 07:25:22,-25.2986,152.8535,82.02,69,100,5.99
513,Pavino,RU,2021-11-24 07:25:22,59.1139,46.1414,18.19,95,93,4.5
514,Kutum,SD,2021-11-24 07:25:23,14.2,24.6667,66.96,17,1,9.84
515,Nancha,CN,2021-11-24 07:25:23,47.1333,129.2667,17.28,75,94,11.81
516,Ngaoundere,CM,2021-11-24 07:25:23,7.3167,13.5833,76.39,32,0,3.31
517,Sao Felix Do Xingu,BR,2021-11-24 07:25:24,-6.6447,-51.995,71.51,96,100,1.95
518,Severo-Kurilsk,RU,2021-11-24 07:25:24,50.6789,156.125,37.78,96,100,24.02
519,Qafqafa,JO,2021-11-24 07:25:24,32.3483,35.9395,52.95,45,55,10.36
520,Lengshuijiang,CN,2021-11-24 07:25:25,27.6881,111.4294,63.34,33,10,1.36
521,Belaya Gora,RU,2021-11-24 07:25:25,68.5333,146.4167,-21.41,99,98,0.83
522,Sur,OM,2021-11-24 07:25:26,22.5667,59.5289,86.14,22,8,3.0
523,Minab,IR,2021-11-24 07:25:26,27.1467,57.0801,87.3,58,5,11.05
524,Danville,US,2021-11-24 07:25:18,36.586,-79.395,30.88,71,1,0.0
525,Gao,ML,2021-11-24 07:22:40,16.6362,1.637,74.8,29,8,13.38
526,Sotouboua,TG,2021-11-24 07:25:27,8.5667,0.9833,74.86,79,68,3.06
527,Fort Dodge,US,2021-11-24 07:22:45,42.4975,-94.168,51.4,53,1,18.41
528,Plettenberg Bay,ZA,2021-11-24 07:25:27,-34.0527,23.3716,62.17,60,100,5.3
529,Bjornevatn,NO,2021-11-24 07:25:28,69.6672,29.9847,23.34,93,75,8.05
530,Kodaikanal,IN,2021-11-24 07:25:28,10.2333,77.4833,63.97,59,100,4.0
531,Port Keats,AU,2021-11-24 07:25:28,-14.25,129.55,89.29,60,49,6.98
532,Hazorasp,UZ,2021-11-24 07:25:29,41.3194,61.0742,55.24,32,0,8.19
533,Porto Torres,IT,2021-11-24 07:25:29,40.835,8.3972,57.38,85,11,10.33
534,Ponta Grossa,BR,2021-11-24 07:23:24,-25.095,-50.1619,60.94,89,100,8.48
535,Kyaikkami,MM,2021-11-24 07:25:30,16.08,97.5675,84.83,61,100,4.16
536,Barreirinha,BR,2021-11-24 07:25:31,-2.7933,-57.07,75.6,83,100,2.82
537,Kangaba,ML,2021-11-24 07:25:31,11.9333,-8.4167,69.58,33,18,5.17
538,Coaraci,BR,2021-11-24 07:25:32,-14.6408,-39.5511,69.49,100,74,2.24
539,Soure,BR,2021-11-24 07:25:32,-0.7167,-48.5233,80.33,82,15,8.43
540,Fort Saint James,CA,2021-11-24 07:25:32,54.4333,-124.25,25.41,91,100,2.95
541,Vilhena,BR,2021-11-24 07:25:33,-12.7406,-60.1458,68.99,97,90,1.66
542,Moshi,TZ,2021-11-24 07:25:33,-3.35,37.3333,85.37,43,9,4.05
543,Norsup,VU,2021-11-24 07:25:33,-16.0667,167.3833,76.87,82,100,9.55
544,Point Pleasant,US,2021-11-24 07:24:11,40.0832,-74.0682,34.02,68,1,3.0
545,Chabahar,IR,2021-11-24 07:25:34,25.2919,60.643,80.67,63,5,5.66
546,Oriximina,BR,2021-11-24 07:25:34,-1.7656,-55.8661,74.17,84,98,2.13
547,Sibolga,ID,2021-11-24 07:25:35,1.7427,98.7792,85.32,62,100,4.63
548,Vermilion,US,2021-11-24 07:25:35,40.1667,-87.7506,37.74,56,1,14.0
549,Cheyenne,US,2021-11-24 07:25:35,41.14,-104.8203,45.73,34,75,18.41
550,Chalchihuites,MX,2021-11-24 07:25:36,23.4833,-103.8833,52.5,63,94,4.14
551,Escanaba,US,2021-11-24 07:25:36,45.7453,-87.0646,41.94,65,1,10.36
552,Severiano Melo,BR,2021-11-24 07:25:37,-5.7772,-37.9578,74.89,81,89,5.32
553,Port Macquarie,AU,2021-11-24 07:21:49,-31.4333,152.9167,73.36,88,100,13.62
554,Maniitsoq,GL,2021-11-24 07:25:37,65.4167,-52.9,32.94,98,100,39.86
555,Mahajanga,MG,2021-11-24 07:26:38,-15.7167,46.3167,86.02,70,40,11.5
556,Sheridan,US,2021-11-24 07:26:38,44.8333,-106.9173,37.58,83,90,3.0
557,Comalcalco,MX,2021-11-24 07:26:38,18.2667,-93.2167,67.95,87,5,4.32
558,Basco,PH,2021-11-24 07:26:39,20.4487,121.9702,77.49,76,98,25.72
559,Kapit,MY,2021-11-24 07:26:39,2.0167,112.9333,83.89,91,96,1.41
560,Riyadh,SA,2021-11-24 07:26:40,24.6877,46.7219,68.14,34,0,8.1
561,Viedma,AR,2021-11-24 07:26:40,-40.8135,-62.9967,66.33,47,65,4.09
562,Cassilandia,BR,2021-11-24 07:26:40,-19.1133,-51.7342,72.82,85,100,2.59
563,Kiama,AU,2021-11-24 07:26:41,-34.6833,150.8667,74.37,84,100,11.99
564,Anadyr,RU,2021-11-24 07:26:41,64.75,177.4833,-17.9,75,0,13.42
565,Sarana,RU,2021-11-24 07:26:41,56.4773,57.7259,12.96,88,90,9.06
566,Capreol,CA,2021-11-24 07:26:42,46.706,-80.9225,27.07,87,1,1.01
567,Mbandaka,CD,2021-11-24 07:26:42,0.0487,18.2603,74.41,92,94,0.87
568,Chinhoyi,ZW,2021-11-24 07:26:42,-17.3667,30.2,81.41,49,100,3.65
