City_ID,City,Country,Date,Lat,Lng,Max Temp,Humidity,Cloudiness,Wind Speed,Current Description
0,Qaanaaq,GL,2021-11-28 01:07:58,77.484,-69.3632,-0.54,98,98,1.9,overcast clouds
1,Chokurdakh,RU,2021-11-28 01:07:58,70.6333,147.9167,-31.68,99,100,0.58,overcast clouds
2,Alamogordo,US,2021-11-28 01:05:57,32.8995,-105.9603,52.61,34,1,8.05,clear sky
3,Punta Arenas,CL,2021-11-28 01:07:59,-53.15,-70.9167,53.71,54,90,11.5,overcast clouds
4,Hambantota,LK,2021-11-28 01:07:59,6.1241,81.1185,75.54,100,75,5.75,broken clouds
5,Egvekinot,RU,2021-11-28 01:08:00,66.3167,-179.1667,-16.08,84,0,4.97,clear sky
6,Hilo,US,2021-11-28 01:08:00,19.7297,-155.09,78.53,65,40,6.91,scattered clouds
7,Saskylakh,RU,2021-11-28 01:08:00,71.9167,114.0833,-3.87,93,98,10.27,overcast clouds
8,Storm Lake,US,2021-11-28 01:08:01,42.6411,-95.2097,39.42,75,1,11.5,clear sky
9,Tuktoyaktuk,CA,2021-11-28 01:04:10,69.4541,-133.0374,-6.09,96,100,16.82,light snow
10,Grabs,CH,2021-11-28 01:08:01,47.1825,9.4439,35.26,95,100,0.72,light snow
11,Takoradi,GH,2021-11-28 01:08:02,4.8845,-1.7554,78.93,83,100,6.17,overcast clouds
12,Butaritari,KI,2021-11-28 01:08:02,3.0707,172.7902,82.29,72,50,18.41,scattered clouds
13,Aguimes,ES,2021-11-28 01:08:02,27.9054,-15.4461,61.43,72,40,14.97,scattered clouds
14,Rikitea,PF,2021-11-28 01:08:03,-23.1203,-134.9692,76.6,73,24,15.68,few clouds
15,Sao Filipe,CV,2021-11-28 01:04:29,14.8961,-24.4956,77.16,73,9,12.77,clear sky
16,Castro,BR,2021-11-28 01:08:03,-24.7911,-50.0119,63.73,75,1,0.78,clear sky
17,Pedasi,PA,2021-11-28 01:08:04,7.5333,-80.0333,78.66,82,19,10.25,few clouds
18,Klaksvik,FO,2021-11-28 01:08:04,62.2266,-6.589,25.72,66,98,9.17,overcast clouds
19,Provideniya,RU,2021-11-28 01:08:04,64.3833,-173.3,-4.68,82,11,6.44,few clouds
20,Thompson,CA,2021-11-28 01:08:05,55.7435,-97.8558,16.14,82,34,12.1,scattered clouds
21,Krasnoselkup,RU,2021-11-28 01:08:05,65.7,82.4667,5.9,95,100,9.69,light snow
22,Ushuaia,AR,2021-11-28 01:06:51,-54.8,-68.3,47.86,66,75,16.11,light rain
23,Dingle,PH,2021-11-28 01:07:53,10.9995,122.6711,83.08,81,91,9.64,light rain
24,Ribeira Grande,PT,2021-11-28 01:08:06,38.5167,-28.7,61.83,64,95,8.37,overcast clouds
25,Busselton,AU,2021-11-28 01:06:57,-33.65,115.3333,79.86,43,25,4.76,scattered clouds
26,Albany,US,2021-11-28 01:03:40,42.6001,-73.9662,27.25,66,5,8.95,clear sky
27,Chengde,CN,2021-11-28 01:04:44,40.9725,117.9361,36.36,64,80,0.54,broken clouds
28,Upernavik,GL,2021-11-28 01:08:07,72.7868,-56.1549,2.17,96,48,8.55,scattered clouds
29,New Norfolk,AU,2021-11-28 01:08:07,-42.7826,147.0587,67.5,38,0,2.71,clear sky
30,Chicama,PE,2021-11-28 01:08:08,-7.8447,-79.1469,67.5,78,94,6.2,overcast clouds
31,Korla,CN,2021-11-28 01:08:08,41.7597,86.1469,27.72,94,96,4.65,overcast clouds
32,Apaseo El Alto,MX,2021-11-28 01:08:08,20.45,-100.6167,62.55,43,15,2.68,few clouds
33,Novoilinsk,RU,2021-11-28 01:08:09,51.6829,108.7143,1.78,98,60,2.15,broken clouds
34,Meulaboh,ID,2021-11-28 01:08:09,4.1363,96.1285,77.43,88,82,7.81,moderate rain
35,Port Blair,IN,2021-11-28 01:08:09,11.6667,92.75,81.86,74,26,13.98,scattered clouds
36,Airai,TL,2021-11-28 01:08:10,-8.9266,125.4092,73.33,61,100,0.96,overcast clouds
37,Delijan,IR,2021-11-28 01:07:16,33.9905,50.6838,49.84,44,53,2.62,broken clouds
38,Zwedru,LR,2021-11-28 01:08:10,6.0667,-8.1281,72.95,92,53,2.62,broken clouds
39,Hithadhoo,MV,2021-11-28 01:05:03,-0.6,73.0833,81.68,71,97,17.2,overcast clouds
40,The Valley,AI,2021-11-28 01:08:11,18.217,-63.0578,80.46,72,5,10.2,clear sky
41,Lorengau,PG,2021-11-28 01:08:11,-2.0226,147.2712,85.33,66,100,4.03,overcast clouds
42,Imbituba,BR,2021-11-28 01:07:43,-28.24,-48.6703,73.29,92,69,9.08,broken clouds
43,Saint George,US,2021-11-28 01:06:49,37.1041,-113.5841,57.79,19,1,0.0,clear sky
44,Aklavik,CA,2021-11-28 01:08:12,68.2191,-135.0107,-11.2,83,100,17.43,overcast clouds
45,Yellowknife,CA,2021-11-28 01:09:13,62.456,-114.3525,-9.22,96,22,4.12,few clouds
46,Mataura,NZ,2021-11-28 01:06:54,-46.1927,168.8643,68.74,29,0,2.21,clear sky
47,Avarua,CK,2021-11-28 01:09:13,-21.2078,-159.775,73.45,100,75,2.3,heavy intensity rain
48,Maniitsoq,GL,2021-11-28 01:09:14,65.4167,-52.9,36.45,96,100,11.92,light rain
49,Gilgit,PK,2021-11-28 01:09:14,35.9221,74.3087,42.49,53,61,2.77,broken clouds
50,Tromso,NO,2021-11-28 01:09:15,69.6496,18.957,19.42,63,0,13.8,clear sky
51,Jamestown,US,2021-11-28 01:06:50,42.097,-79.2353,31.32,93,90,8.05,light snow
52,Ormara,PK,2021-11-28 01:09:15,25.2088,64.6357,75.36,39,0,8.05,clear sky
53,Lokoja,NG,2021-11-28 01:09:15,7.8024,6.743,77.92,51,99,3.65,overcast clouds
54,Brazzaville,CG,2021-11-28 01:09:16,-4.2658,15.2832,71.47,96,54,2.55,broken clouds
55,Chikwawa,MW,2021-11-28 01:09:16,-16.0335,34.8009,67.48,83,11,4.16,few clouds
56,Manbij,SY,2021-11-28 01:09:16,36.5281,37.9549,52.57,66,100,5.97,overcast clouds
57,Williamsport,US,2021-11-28 01:06:47,41.2412,-77.0011,30.22,64,75,0.0,broken clouds
58,Arraial Do Cabo,BR,2021-11-28 01:05:53,-22.9661,-42.0278,71.87,92,91,9.71,overcast clouds
59,Kavieng,PG,2021-11-28 01:07:20,-2.5744,150.7967,84.25,67,97,2.53,overcast clouds
60,Port Alfred,ZA,2021-11-28 01:09:17,-33.5906,26.891,66.07,71,96,9.82,overcast clouds
61,Puerto Ayora,EC,2021-11-28 01:09:18,-0.7393,-90.3518,68.85,80,98,8.7,overcast clouds
62,Tessalit,ML,2021-11-28 01:08:14,20.1986,1.0114,74.5,22,5,4.52,clear sky
63,Atuona,PF,2021-11-28 01:09:18,-9.8,-139.0333,78.53,72,99,19.39,overcast clouds
64,Miranda,CO,2021-11-28 01:09:19,3.2499,-76.2281,71.73,92,100,5.21,overcast clouds
65,Khatanga,RU,2021-11-28 01:07:54,71.9667,102.5,-8.36,93,100,13.15,overcast clouds
66,Adzope,CI,2021-11-28 01:09:19,6.1069,-3.8619,73.63,96,39,2.57,scattered clouds
67,Carauari,BR,2021-11-28 01:09:19,-4.8828,-66.8958,75.7,96,94,2.08,overcast clouds
68,Lianzhou,CN,2021-11-28 01:09:20,24.7811,112.3825,58.42,67,31,3.49,scattered clouds
69,Ferrandina,IT,2021-11-28 01:09:20,40.5012,16.4547,50.67,68,19,11.61,few clouds
70,Codrington,AU,2021-11-28 01:09:21,-38.2667,141.9667,65.59,52,0,9.73,clear sky
71,Babol,IR,2021-11-28 01:09:21,36.5513,52.679,52.52,85,47,5.28,scattered clouds
72,Hami,CN,2021-11-28 01:09:21,42.8,93.45,24.22,72,78,10.42,broken clouds
73,Changying,CN,2021-11-28 01:09:22,52.8733,123.3213,12.33,77,100,4.27,overcast clouds
74,Cape Town,ZA,2021-11-28 01:04:31,-33.9258,18.4232,62.98,95,100,15.1,light rain
75,Bambous Virieux,MU,2021-11-28 01:09:22,-20.3428,57.7575,71.85,88,20,5.75,few clouds
76,Saint-Francois,FR,2021-11-28 01:09:23,46.4154,3.9054,35.04,93,90,8.05,overcast clouds
77,Pervomayskoye,RU,2021-11-28 01:09:23,43.919,46.7102,42.57,94,100,5.01,overcast clouds
78,Tasiilaq,GL,2021-11-28 01:08:09,65.6145,-37.6368,28.56,90,100,10.71,light snow
79,Kapaa,US,2021-11-28 01:07:03,22.0752,-159.319,80.92,57,1,14.97,clear sky
80,Burgos,ES,2021-11-28 01:09:24,42.3394,-3.7079,30.61,100,90,5.75,snow
81,Ponta Do Sol,PT,2021-11-28 01:09:24,32.6667,-17.1,63.23,77,23,5.46,few clouds
82,Ayagoz,KZ,2021-11-28 01:09:24,47.9714,80.4392,0.27,80,0,5.41,clear sky
83,Nemuro,JP,2021-11-28 01:09:25,43.3236,145.575,38.93,59,82,16.2,broken clouds
84,Homer,US,2021-11-28 01:09:25,59.6425,-151.5483,15.67,62,90,0.0,overcast clouds
85,Prince Rupert,CA,2021-11-28 01:09:26,54.3161,-130.3201,50.09,81,90,20.71,overcast clouds
86,Springbok,ZA,2021-11-28 01:09:26,-29.6643,17.8865,54.14,80,100,7.11,overcast clouds
87,Genhe,CN,2021-11-28 01:09:26,50.7833,121.5167,14.56,90,100,2.91,overcast clouds
88,Fundata,RO,2021-11-28 01:09:27,45.4367,25.2751,35.2,90,99,3.67,overcast clouds
89,Aitape,PG,2021-11-28 01:09:27,-3.1374,142.3475,85.08,67,91,1.79,overcast clouds
90,Vanavara,RU,2021-11-28 01:09:27,60.34,102.2797,5.65,95,97,5.48,overcast clouds
91,Ilulissat,GL,2021-11-28 01:08:06,69.2167,-51.1,23.02,63,100,13.8,overcast clouds
92,Barrow,US,2021-11-28 01:09:28,71.2906,-156.7887,-11.18,70,40,0.0,haze
93,Sistranda,NO,2021-11-28 01:08:00,63.7256,8.834,21.16,61,0,5.46,clear sky
94,Port Lincoln,AU,2021-11-28 01:10:28,-34.7333,135.8667,64.89,64,0,9.35,clear sky
95,Dalaba,GN,2021-11-28 01:10:29,10.7,-12.25,65.16,39,100,1.79,overcast clouds
96,Kuantan,MY,2021-11-28 01:10:29,3.8077,103.326,78.3,86,100,3.76,overcast clouds
97,Marsabit,KE,2021-11-28 01:10:30,2.3284,37.9899,65.91,75,92,4.23,light rain
98,Praia Da Vitoria,PT,2021-11-28 01:10:30,38.7333,-27.0667,60.1,68,92,8.7,overcast clouds
99,Hofn,IS,2021-11-28 01:10:30,64.2539,-15.2082,34.03,62,100,21.97,overcast clouds
100,Wladyslawowo,PL,2021-11-28 01:10:31,54.7909,18.4009,33.35,79,100,4.5,light snow
101,Mizdah,LY,2021-11-28 01:10:31,31.4451,12.9801,61.57,57,100,2.57,overcast clouds
102,Tuatapere,NZ,2021-11-28 01:10:32,-46.1333,167.6833,62.38,44,0,5.77,clear sky
103,Opelousas,US,2021-11-28 01:10:32,30.5335,-92.0815,53.49,87,90,0.0,light intensity drizzle
104,Dikson,RU,2021-11-28 01:06:54,73.5069,80.5464,-12.93,97,100,9.01,overcast clouds
105,Hobart,AU,2021-11-28 01:10:33,-42.8794,147.3294,67.86,45,20,5.75,few clouds
106,Sambava,MG,2021-11-28 01:10:33,-14.2667,50.1667,74.82,86,10,3.76,light rain
107,Soldotna,US,2021-11-28 01:10:33,60.4878,-151.0583,6.82,78,90,0.0,light snow
108,Murdochville,CA,2021-11-28 01:10:34,48.9583,-65.5006,24.8,93,100,11.01,snow
109,Kruisfontein,ZA,2021-11-28 01:07:11,-34.0033,24.7314,59.81,71,50,6.42,scattered clouds
110,Tubuala,PA,2021-11-28 01:10:34,9.5167,-79.0333,77.11,83,100,6.17,overcast clouds
111,Hermanus,ZA,2021-11-28 01:09:33,-34.4187,19.2345,64.56,83,96,16.8,overcast clouds
112,Merauke,ID,2021-11-28 01:10:35,-8.4667,140.3333,86.68,63,100,3.58,overcast clouds
113,Bredasdorp,ZA,2021-11-28 01:10:35,-34.5322,20.0403,64.98,72,42,14.85,scattered clouds
114,Avera,US,2021-11-28 01:06:59,33.194,-82.5271,53.47,38,100,6.93,overcast clouds
115,Iqaluit,CA,2021-11-28 01:10:36,63.7506,-68.5145,21.18,90,100,11.7,light snow
116,Lompoc,US,2021-11-28 01:07:52,34.6391,-120.4579,64.71,52,1,3.44,clear sky
117,Plouzane,FR,2021-11-28 01:10:36,48.3833,-4.6167,43.12,84,90,10.36,light rain
118,Manggar,ID,2021-11-28 01:10:37,-2.8833,108.2667,76.5,86,100,7.61,heavy intensity rain
119,Qena,EG,2021-11-28 01:10:37,26.1615,32.7183,67.21,20,5,3.24,clear sky
120,Karpathos,GR,2021-11-28 01:10:37,35.507,27.2132,66.16,88,88,6.91,overcast clouds
121,Atyrau,KZ,2021-11-28 01:10:00,47.1167,51.8833,33.82,60,40,15.66,scattered clouds
122,Severo-Kurilsk,RU,2021-11-28 01:08:58,50.6789,156.125,29.26,65,80,29.59,broken clouds
123,Saint-Philippe,RE,2021-11-28 01:10:38,-21.3585,55.7679,76.59,83,80,5.12,light rain
124,Price,US,2021-11-28 01:10:39,39.5994,-110.8107,38.46,38,1,0.0,clear sky
125,Nome,US,2021-11-28 01:10:39,64.5011,-165.4064,-9.33,64,1,3.44,clear sky
126,Matlock,GB,2021-11-28 01:10:39,53.1384,-1.5556,32.81,77,100,12.77,overcast clouds
127,Souillac,MU,2021-11-28 01:10:40,-20.5167,57.5167,71.98,88,20,5.75,few clouds
128,Flinders,AU,2021-11-28 01:10:40,-34.5833,150.8552,61.3,79,96,11.81,overcast clouds
129,Leningradskiy,RU,2021-11-28 01:05:57,69.3833,178.4167,-19.93,90,8,9.51,clear sky
130,Kaura Namoda,NG,2021-11-28 01:10:41,12.5898,6.5779,75.25,16,100,8.52,overcast clouds
131,Bethel,US,2021-11-28 01:10:41,41.3712,-73.414,34.16,47,1,5.75,clear sky
132,Vardo,NO,2021-11-28 01:10:42,70.3705,31.1107,24.62,77,43,13.49,scattered clouds
133,Carutapera,BR,2021-11-28 01:09:12,-1.195,-46.02,78.84,82,6,6.06,clear sky
134,Port Hedland,AU,2021-11-28 01:10:42,-20.3167,118.5667,100.45,11,7,28.77,clear sky
135,Kirkwood,US,2021-11-28 01:10:43,38.5834,-90.4068,45.99,57,1,5.75,clear sky
136,Vaini,TO,2021-11-28 01:10:43,-21.2,-175.2,84.36,84,75,14.97,light rain
137,Kalmunai,LK,2021-11-28 01:11:44,7.4167,81.8167,78.75,85,29,3.36,moderate rain
138,Januaria,BR,2021-11-28 01:11:44,-15.4833,-44.3667,68.52,97,100,3.49,light rain
139,Kaitangata,NZ,2021-11-28 01:11:44,-46.2817,169.8464,61.39,54,0,7.4,clear sky
140,Mount Gambier,AU,2021-11-28 01:11:45,-37.8333,140.7667,67.51,40,9,7.78,clear sky
141,Finschhafen,PG,2021-11-28 01:11:45,-6.6024,147.8681,85.84,68,62,8.05,broken clouds
142,Kijang,KR,2021-11-28 01:11:45,35.2442,129.2139,50.09,52,0,3.11,clear sky
143,Namatanai,PG,2021-11-28 01:10:54,-3.6667,152.4333,84.56,68,95,2.59,light rain
144,Luderitz,NA,2021-11-28 01:06:56,-26.6481,15.1594,59.27,86,6,3.83,clear sky
145,Touros,BR,2021-11-28 01:11:46,-5.1989,-35.4608,81.5,71,82,13.15,broken clouds
146,Kindu,CD,2021-11-28 01:11:47,-2.95,25.95,69.89,99,100,1.41,overcast clouds
147,Gat,IL,2021-11-28 01:11:47,31.61,34.7642,56.08,40,35,3.65,scattered clouds
148,East London,ZA,2021-11-28 01:06:55,-33.0153,27.9116,63.46,90,6,4.92,clear sky
149,Rawson,AR,2021-11-28 01:11:48,-43.3002,-65.1023,57.78,75,0,10.29,clear sky
150,Nikolskoye,RU,2021-11-28 01:09:25,59.7035,30.7861,28.29,89,100,11.86,light snow
151,Torbay,CA,2021-11-28 01:11:48,47.6666,-52.7314,50.77,93,90,11.5,light intensity shower rain
152,Zhigansk,RU,2021-11-28 01:11:49,66.7697,123.3711,-1.62,98,100,6.82,overcast clouds
153,Faanui,PF,2021-11-28 01:11:49,-16.4833,-151.75,81.37,73,17,17.85,few clouds
154,Dhidhdhoo,MV,2021-11-28 01:11:49,6.8833,73.1,80.37,80,100,10.18,overcast clouds
155,Obihiro,JP,2021-11-28 01:10:27,42.9172,143.2044,38.86,63,6,7.92,clear sky
156,Boo,SE,2021-11-28 01:11:50,59.3333,18.2833,28.08,74,90,5.75,overcast clouds
157,Solnechnyy,RU,2021-11-28 01:10:46,50.7214,136.6319,17.24,82,63,5.35,broken clouds
158,Bairiki,KI,2021-11-28 01:11:51,1.3292,172.9752,87.8,66,20,17.27,few clouds
159,Agnibilekrou,CI,2021-11-28 01:11:51,7.1344,-3.2047,72.18,91,39,3.51,scattered clouds
160,Lermontovka,RU,2021-11-28 01:11:51,47.1453,134.3383,19.51,89,39,7.96,scattered clouds
161,Port Elizabeth,ZA,2021-11-28 01:11:52,-33.918,25.5701,61.09,77,0,5.75,clear sky
162,Esperance,AU,2021-11-28 01:10:06,-33.8667,121.9,75.87,43,0,9.78,clear sky
163,Komsomolskiy,UZ,2021-11-28 01:11:52,40.4272,71.7189,29.62,56,15,0.65,few clouds
164,Dunedin,NZ,2021-11-28 01:11:52,-45.8742,170.5036,60.89,61,0,12.33,clear sky
165,Georgetown,MY,2021-11-28 01:11:21,5.4112,100.3354,80.53,83,20,3.44,few clouds
166,Carnarvon,AU,2021-11-28 01:11:53,-24.8667,113.6333,100.47,10,0,12.66,clear sky
167,Balabac,PH,2021-11-28 01:11:53,7.9868,117.0645,82.71,75,100,3.83,overcast clouds
168,Weligama,LK,2021-11-28 01:11:54,5.9667,80.4167,75.76,90,88,4.0,overcast clouds
169,Charleston,US,2021-11-28 01:08:29,32.7766,-79.9309,44.76,79,20,0.0,few clouds
170,Pevek,RU,2021-11-28 01:11:54,69.7008,170.3133,-12.59,83,5,4.25,clear sky
171,Beyneu,KZ,2021-11-28 01:11:55,45.3167,55.2,30.76,53,66,11.43,broken clouds
172,Great Bend,US,2021-11-28 01:11:55,38.3645,-98.7648,50.05,39,1,8.05,clear sky
173,Coolum Beach,AU,2021-11-28 01:11:55,-26.5333,153.1,75.07,80,80,15.08,broken clouds
174,Urengoy,RU,2021-11-28 01:11:56,65.9667,78.3667,6.33,96,100,4.92,overcast clouds
175,Broken Hill,AU,2021-11-28 01:11:56,-31.95,141.4333,71.26,42,60,17.22,broken clouds
176,Isangel,VU,2021-11-28 01:11:56,-19.55,169.2667,86.11,70,75,11.5,broken clouds
177,Hornepayne,CA,2021-11-28 01:11:57,49.2138,-84.7705,20.8,90,100,4.94,overcast clouds
178,Sibolga,ID,2021-11-28 01:11:57,1.7427,98.7792,76.77,85,100,1.81,overcast clouds
179,Lata,PT,2021-11-28 01:08:15,40.1629,-8.3327,41.0,76,23,3.83,few clouds
180,Fortuna,US,2021-11-28 01:10:39,40.5982,-124.1573,58.12,100,1,0.0,clear sky
181,Dudinka,RU,2021-11-28 01:11:58,69.4058,86.1778,-1.7,95,100,9.71,overcast clouds
182,Ancud,CL,2021-11-28 01:08:01,-41.8697,-73.8203,53.13,73,12,9.4,few clouds
183,Salonta,RO,2021-11-28 01:11:59,46.8,21.65,45.09,90,100,4.99,overcast clouds
184,Lakhimpur,IN,2021-11-28 01:12:59,27.95,80.7667,58.44,74,0,3.76,clear sky
185,Mar Del Plata,AR,2021-11-28 01:10:22,-38.0023,-57.5575,61.74,93,100,17.67,overcast clouds
186,Newport,GB,2021-11-28 01:09:08,51.5877,-2.9984,35.71,65,60,17.22,broken clouds
187,Noyabrsk,RU,2021-11-28 01:13:00,63.1994,75.4507,16.56,94,100,9.57,overcast clouds
188,Gohad,IN,2021-11-28 01:13:00,26.4261,78.4447,60.75,55,0,4.81,clear sky
189,Cidreira,BR,2021-11-28 01:13:01,-30.1811,-50.2056,69.48,94,100,7.94,overcast clouds
190,Victoria,HK,2021-11-28 01:13:01,22.2855,114.1577,69.85,51,72,7.2,broken clouds
191,Hurghada,EG,2021-11-28 01:13:02,27.2574,33.8129,70.09,41,86,9.51,overcast clouds
192,Bonavista,CA,2021-11-28 01:13:02,48.6499,-53.1147,46.4,96,100,13.11,overcast clouds
193,Porvoo,FI,2021-11-28 01:13:02,60.3923,25.6651,19.9,71,100,12.35,overcast clouds
194,Belovo,RU,2021-11-28 01:13:03,54.4165,86.2976,21.27,87,100,19.28,light snow
195,Lebu,CL,2021-11-28 01:13:03,-37.6167,-73.65,52.57,78,0,17.31,clear sky
196,Narsaq,GL,2021-11-28 01:13:04,60.9167,-46.05,39.42,100,100,1.77,moderate rain
197,Alugan,PH,2021-11-28 01:13:04,12.2188,125.4808,82.31,84,100,13.04,overcast clouds
198,Chuy,UY,2021-11-28 01:13:05,-33.6971,-53.4616,67.03,86,100,8.81,overcast clouds
199,Pavlovsk,RU,2021-11-28 01:13:05,50.4578,40.1081,39.96,95,100,8.43,overcast clouds
200,Llaillay,CL,2021-11-28 01:13:05,-32.85,-70.9667,65.52,61,0,3.85,clear sky
201,Ixtapa,MX,2021-11-28 01:13:06,20.7,-105.2,79.83,74,90,5.75,overcast clouds
202,Hamilton,US,2021-11-28 01:10:48,39.1834,-84.5333,45.79,68,90,0.0,overcast clouds
203,Bluff,NZ,2021-11-28 01:13:06,-46.6,168.3333,54.39,55,1,5.68,clear sky
204,Yangambi,CD,2021-11-28 01:13:07,0.8102,24.4336,68.94,98,100,2.01,overcast clouds
205,Bilibino,RU,2021-11-28 01:13:07,68.0546,166.4372,-24.03,97,62,4.21,broken clouds
206,Jinan,CN,2021-11-28 01:13:08,36.6683,116.9972,49.62,64,100,4.85,overcast clouds
207,Asfi,MA,2021-11-28 01:13:08,32.2994,-9.2372,58.69,68,89,3.83,overcast clouds
208,Kayerkan,RU,2021-11-28 01:13:08,69.3497,87.7602,-3.78,95,100,5.57,overcast clouds
209,Monchegorsk,RU,2021-11-28 01:13:09,67.9397,32.8739,1.8,93,86,3.6,overcast clouds
210,Ocos,GT,2021-11-28 01:13:09,14.5094,-92.1933,78.98,74,95,1.52,overcast clouds
211,Geraldton,AU,2021-11-28 01:13:09,-28.7667,114.6,88.21,18,0,5.75,clear sky
212,Guerrero Negro,MX,2021-11-28 01:13:10,27.9769,-114.0611,67.66,63,0,11.9,clear sky
213,San Antonio,US,2021-11-28 01:11:08,29.4241,-98.4936,54.05,89,90,0.0,overcast clouds
214,Abapo,BO,2021-11-28 01:13:10,-18.8333,-63.4667,72.01,68,8,3.42,clear sky
215,Zhigalovo,RU,2021-11-28 01:13:11,54.8097,105.1578,1.31,96,100,2.93,overcast clouds
216,Khartoum,SD,2021-11-28 01:09:55,15.5518,32.5324,81.64,38,0,13.38,clear sky
217,Necochea,AR,2021-11-28 01:13:11,-38.5473,-58.7368,59.31,95,100,12.75,light rain
218,Noumea,NC,2021-11-28 01:13:12,-22.2763,166.4572,78.78,79,100,15.75,overcast clouds
219,Honiara,SB,2021-11-28 01:13:12,-9.4333,159.95,86.31,69,98,5.37,overcast clouds
220,Srednekolymsk,RU,2021-11-28 01:13:12,67.45,153.6833,-38.4,100,39,2.51,scattered clouds
221,Chingirlau,KZ,2021-11-28 01:09:34,51.095,54.0814,21.69,79,89,10.69,overcast clouds
222,Bondo,CD,2021-11-28 01:13:13,3.8146,23.6866,70.47,70,91,0.74,overcast clouds
223,Reitz,ZA,2021-11-28 01:13:13,-27.8014,28.4273,52.65,96,100,8.32,overcast clouds
224,Brae,GB,2021-11-28 01:13:14,60.3964,-1.353,31.91,61,100,16.55,overcast clouds
225,Lufilufi,WS,2021-11-28 01:13:14,-13.8745,-171.5986,82.51,79,88,14.94,overcast clouds
226,Sur,OM,2021-11-28 01:13:14,22.5667,59.5289,74.39,50,34,5.03,scattered clouds
227,Hanyang,CN,2021-11-28 01:13:15,32.1371,105.5126,48.27,81,100,1.39,overcast clouds
228,Molo,KE,2021-11-28 01:13:15,-0.2479,35.7374,50.09,98,41,3.74,scattered clouds
229,Buritizeiro,BR,2021-11-28 01:13:15,-17.3511,-44.9622,66.79,98,18,2.66,few clouds
230,Santa Barbara,US,2021-11-28 01:13:16,34.7333,-120.0343,64.96,23,1,5.75,clear sky
231,Nanortalik,GL,2021-11-28 01:14:17,60.1432,-45.2371,42.93,97,100,16.35,light rain
232,Sao Francisco,BR,2021-11-28 01:14:17,-15.9486,-44.8644,69.58,97,98,4.29,light rain
233,Tarpon Springs,US,2021-11-28 01:12:35,28.1461,-82.7568,60.75,58,1,3.44,clear sky
234,Comodoro Rivadavia,AR,2021-11-28 01:14:18,-45.8667,-67.5,58.86,36,0,9.22,clear sky
235,Japura,ID,2021-11-28 01:14:18,-0.3167,102.35,79.36,80,99,1.68,overcast clouds
236,Najran,SA,2021-11-28 01:14:18,17.4924,44.1277,59.83,48,0,1.72,clear sky
237,Lasa,IT,2021-11-28 01:14:19,46.6166,10.7002,32.74,96,100,3.62,light snow
238,Darnah,LY,2021-11-28 01:14:19,32.767,22.6367,69.4,54,57,11.99,broken clouds
239,Vangaindrano,MG,2021-11-28 01:14:20,-23.35,47.6,67.62,64,99,11.1,overcast clouds
240,Cabo San Lucas,MX,2021-11-28 01:14:20,22.8909,-109.9124,72.7,88,90,3.44,overcast clouds
241,Rio Gallegos,AR,2021-11-28 01:14:20,-51.6226,-69.2181,49.3,68,100,24.9,overcast clouds
242,Sisimiut,GL,2021-11-28 01:14:21,66.9395,-53.6735,26.46,94,100,10.13,snow
243,Qaqortoq,GL,2021-11-28 01:14:21,60.7167,-46.0333,39.7,100,100,6.04,moderate rain
244,Vidim,RU,2021-11-28 01:14:21,56.4088,103.1106,11.35,89,100,10.65,light snow
245,Tiksi,RU,2021-11-28 01:10:52,71.6872,128.8694,-7.64,96,100,6.82,overcast clouds
246,Murwillumbah,AU,2021-11-28 01:14:22,-28.3167,153.4,75.22,64,90,18.41,overcast clouds
247,Pangnirtung,CA,2021-11-28 01:14:23,66.1451,-65.7125,16.48,77,100,7.27,overcast clouds
248,Krasnokholm,RU,2021-11-28 01:14:23,51.5979,54.1567,14.27,87,80,5.68,broken clouds
249,Sivaki,RU,2021-11-28 01:14:23,52.6333,126.75,14.9,90,100,6.31,overcast clouds
250,Cherskiy,RU,2021-11-28 01:14:24,68.75,161.3,-25.04,92,22,3.27,few clouds
251,Hasaki,JP,2021-11-28 01:14:24,35.7333,140.8333,48.6,47,1,14.32,clear sky
252,Vila,PT,2021-11-28 01:14:24,42.0304,-8.1588,29.28,91,10,6.93,clear sky
253,Panguna,PG,2021-11-28 01:14:25,-6.3164,155.4848,80.26,65,100,3.27,light rain
254,Itatiaia,BR,2021-11-28 01:14:25,-22.4961,-44.5633,68.18,94,52,2.28,broken clouds
255,Samarai,PG,2021-11-28 01:14:25,-10.6167,150.6667,83.77,72,100,6.62,overcast clouds
256,Chernyshevskiy,RU,2021-11-28 01:13:54,63.0128,112.4714,-5.12,98,99,7.27,overcast clouds
257,Druzhnaya Gorka,RU,2021-11-28 01:14:26,59.2761,30.1425,27.68,91,100,11.9,light snow
258,Westerland,DE,2021-11-28 01:14:27,54.9079,8.3033,35.62,93,40,8.05,scattered clouds
259,Yabrud,SY,2021-11-28 01:14:27,33.9674,36.6574,33.46,40,100,8.1,overcast clouds
260,San Patricio,US,2021-11-28 01:14:27,28.017,-97.5169,55.26,83,100,9.04,overcast clouds
261,Kaka,TM,2021-11-28 01:14:28,37.3482,59.6143,45.88,48,1,4.97,clear sky
262,College,US,2021-11-28 01:14:28,64.8569,-147.8028,-13.05,74,75,0.0,haze
263,Portland,US,2021-11-28 01:12:00,45.5234,-122.6762,61.38,88,90,9.22,overcast clouds
264,Talnakh,RU,2021-11-28 01:14:29,69.4865,88.3972,-0.98,97,100,7.85,overcast clouds
265,Novaya Mayna,RU,2021-11-28 01:14:29,54.15,49.75,24.8,93,100,12.5,overcast clouds
266,Goderich,CA,2021-11-28 01:14:30,43.7501,-81.7165,26.92,93,100,6.91,light snow
267,Thanyaburi,TH,2021-11-28 01:14:30,14.0211,100.7343,75.15,73,0,4.61,clear sky
268,Jibuti,DJ,2021-11-28 01:14:30,11.5,42.5,74.62,80,0,7.56,clear sky
269,Doka,SD,2021-11-28 01:14:31,13.5167,35.7667,77.68,43,0,9.33,clear sky
270,Longyan,CN,2021-11-28 01:14:31,25.1072,117.0225,61.68,75,1,4.36,clear sky
271,Roswell,US,2021-11-28 01:14:31,34.0232,-84.3616,48.92,53,1,0.0,clear sky
272,Tautira,PF,2021-11-28 01:14:32,-17.7333,-149.15,84.22,76,25,16.49,light rain
273,Dalby,AU,2021-11-28 01:14:32,-27.1833,151.2667,77.31,62,91,13.18,light rain
274,Nhulunbuy,AU,2021-11-28 01:14:32,-12.2333,136.7667,92.01,46,80,8.05,broken clouds
275,Yumen,CN,2021-11-28 01:14:33,40.2833,97.2,24.48,48,100,21.39,overcast clouds
276,Namtsy,RU,2021-11-28 01:12:30,62.7161,129.6658,1.51,88,100,11.41,overcast clouds
277,Whitehorse,CA,2021-11-28 01:13:04,60.7161,-135.0538,3.97,85,75,5.75,light snow
278,Lagunas,PE,2021-11-28 01:15:34,-5.2269,-75.6753,81.05,66,100,2.93,overcast clouds
279,Linguere,SN,2021-11-28 01:15:34,15.3953,-15.1193,80.08,27,1,12.95,clear sky
280,Pasni,PK,2021-11-28 01:15:34,25.2631,63.471,74.66,32,0,8.05,clear sky
281,Clyde River,CA,2021-11-28 01:15:35,70.4692,-68.5914,-8.73,99,97,5.93,overcast clouds
282,Paragominas,BR,2021-11-28 01:15:35,-2.9667,-47.4833,74.57,90,83,2.19,broken clouds
283,Ajdabiya,LY,2021-11-28 01:15:35,30.7554,20.2263,70.84,35,11,8.16,few clouds
284,Batsfjord,NO,2021-11-28 01:15:36,70.6345,29.7185,15.76,91,66,10.94,broken clouds
285,Mecca,SA,2021-11-28 01:15:36,21.4267,39.8261,74.14,74,0,1.86,clear sky
286,Praia,CV,2021-11-28 01:14:47,14.9215,-23.5087,75.74,73,40,18.41,scattered clouds
287,Kloulklubed,PW,2021-11-28 01:15:37,7.0419,134.2556,84.7,74,100,15.14,overcast clouds
288,Guanica,PR,2021-11-28 01:15:37,17.9716,-66.908,79.48,74,6,4.14,clear sky
289,Hobyo,SO,2021-11-28 01:15:37,5.3505,48.5268,80.2,80,99,10.49,overcast clouds
290,Sol-Iletsk,RU,2021-11-28 01:15:38,51.1631,54.9918,16.77,84,68,8.14,broken clouds
291,Lere,NG,2021-11-28 01:15:38,10.387,8.5726,68.45,24,100,2.95,overcast clouds
292,Ketchikan,US,2021-11-28 01:12:36,55.3422,-131.6461,46.87,93,90,20.71,moderate rain
293,Changping,CN,2021-11-28 01:15:39,40.2186,116.2197,38.84,56,74,1.48,broken clouds
294,Kyzyl-Suu,KG,2021-11-28 01:15:39,42.3414,78.0056,17.85,47,0,10.16,clear sky
295,Abha,SA,2021-11-28 01:15:39,18.2164,42.5053,55.22,50,0,0.0,clear sky
296,Port Hawkesbury,CA,2021-11-28 01:15:40,45.6169,-61.3485,40.59,75,90,11.5,overcast clouds
297,Coquimbo,CL,2021-11-28 01:15:40,-29.9533,-71.3436,58.73,88,0,4.61,clear sky
298,Itarema,BR,2021-11-28 01:15:41,-2.9248,-39.9167,80.24,80,82,13.31,broken clouds
299,Kysyl-Syr,RU,2021-11-28 01:15:41,63.8986,122.7617,-2.83,96,100,7.72,overcast clouds
300,Vila Velha,BR,2021-11-28 01:15:41,-20.3297,-40.2925,75.15,78,0,9.22,clear sky
301,Buncrana,IE,2021-11-28 01:15:42,55.1333,-7.45,39.36,84,100,6.29,overcast clouds
302,Oranjestad,AW,2021-11-28 01:13:42,12.524,-70.027,80.55,83,20,11.5,few clouds
303,Pisco,PE,2021-11-28 01:15:43,-13.7,-76.2167,66.25,82,0,14.97,clear sky
304,Santa Maria,BR,2021-11-28 01:15:43,-29.6842,-53.8069,71.82,77,100,9.15,overcast clouds
305,Tieling,CN,2021-11-28 01:15:43,42.2931,123.8414,39.83,66,91,17.16,overcast clouds
306,Evensk,RU,2021-11-28 01:15:44,61.95,159.2333,12.63,91,100,11.14,overcast clouds
307,La Romana,DO,2021-11-28 01:14:49,18.4273,-68.9728,76.73,88,20,0.0,few clouds
308,Nuuk,GL,2021-11-28 01:11:23,64.1835,-51.7216,38.01,100,75,4.61,light snow
309,Sarangani,PH,2021-11-28 01:15:44,5.4033,125.4636,83.28,74,100,16.53,moderate rain
310,Paamiut,GL,2021-11-28 01:15:45,61.994,-49.6678,37.49,99,100,12.24,light rain
311,Kahului,US,2021-11-28 01:12:40,20.8947,-156.47,83.46,61,1,19.57,clear sky
312,Kichera,RU,2021-11-28 01:15:45,55.9375,110.0997,-2.94,81,28,3.71,scattered clouds
313,Itapirapua,BR,2021-11-28 01:15:46,-15.8233,-50.6133,75.76,84,98,2.42,overcast clouds
314,Lerwick,GB,2021-11-28 01:15:46,60.1545,-1.1494,32.0,62,100,16.62,overcast clouds
315,Nambucca Heads,AU,2021-11-28 01:15:47,-30.65,153.0,73.4,73,99,9.73,light rain
316,Miguel Hidalgo,MX,2021-11-28 01:15:47,19.4225,-99.2028,63.81,45,1,11.5,clear sky
317,Yulara,AU,2021-11-28 01:12:01,-25.2406,130.9889,76.84,23,0,12.66,clear sky
318,San Policarpo,PH,2021-11-28 01:15:47,12.1791,125.5072,82.58,83,100,13.8,overcast clouds
319,Glenwood Springs,US,2021-11-28 01:15:48,39.5505,-107.3248,45.63,47,1,6.91,clear sky
320,Kuvshinovo,RU,2021-11-28 01:16:48,57.0295,34.1725,36.25,99,100,9.4,overcast clouds
321,Oktyabrskoye,RU,2021-11-28 01:16:49,43.0645,44.7417,23.14,100,35,2.24,fog
322,Edd,ER,2021-11-28 01:16:12,13.9297,41.6925,81.66,65,0,5.55,clear sky
323,Ingleside,US,2021-11-28 01:16:49,27.8778,-97.2117,55.4,90,90,11.5,overcast clouds
324,Shumskiy,RU,2021-11-28 01:16:49,54.8318,99.1328,13.12,73,100,4.38,overcast clouds
325,Galich,RU,2021-11-28 01:16:50,58.3797,42.3475,32.14,95,100,11.12,light snow
326,Sheltozero,RU,2021-11-28 01:16:50,61.3667,35.3667,23.95,86,100,18.52,light snow
327,Santa Vitoria Do Palmar,BR,2021-11-28 01:16:51,-33.5189,-53.3681,67.53,83,100,8.81,overcast clouds
328,Divnomorskoye,RU,2021-11-28 01:16:51,44.5011,38.1353,58.21,82,100,20.09,overcast clouds
329,Alboraya,ES,2021-11-28 01:16:51,39.5,-0.35,45.21,53,0,8.05,clear sky
330,Marzuq,YE,2021-11-28 01:16:52,14.4,46.4667,64.49,40,0,3.78,clear sky
331,Batagay-Alyta,RU,2021-11-28 01:16:53,67.8006,130.4114,-3.1,96,100,3.51,overcast clouds
332,Morden,CA,2021-11-28 01:16:53,49.1919,-98.1014,28.24,54,1,13.8,clear sky
333,Namibe,AO,2021-11-28 01:16:53,-15.1961,12.1522,67.73,74,100,6.62,overcast clouds
334,Vuktyl,RU,2021-11-28 01:16:54,63.8567,57.3094,-1.5,100,100,2.42,overcast clouds
335,Roebourne,AU,2021-11-28 01:16:54,-20.7833,117.1333,93.56,19,0,24.23,clear sky
336,Broome,US,2021-11-28 01:16:54,42.2506,-75.833,29.17,68,90,4.61,overcast clouds
337,Pincher Creek,CA,2021-11-28 01:13:23,49.4833,-113.952,44.71,64,100,15.32,overcast clouds
338,Kozhva,RU,2021-11-28 01:16:55,65.1073,57.0459,-10.91,100,47,2.33,scattered clouds
339,Bom Jardim,BR,2021-11-28 01:16:55,-7.7958,-35.5872,73.45,82,75,5.88,moderate rain
340,Trairi,BR,2021-11-28 01:15:32,-3.2778,-39.2689,80.08,82,64,9.64,broken clouds
341,Sept-Iles,CA,2021-11-28 01:13:49,50.2001,-66.3821,37.92,93,90,12.66,overcast clouds
342,Taoudenni,ML,2021-11-28 01:16:56,22.6783,-3.9836,68.63,31,2,14.45,clear sky
343,Ryotsu,JP,2021-11-28 01:16:56,38.0833,138.4333,49.96,53,14,11.83,few clouds
344,Deep River,CA,2021-11-28 01:16:57,46.1001,-77.4995,17.35,83,20,5.19,few clouds
345,Sola,VU,2021-11-28 01:16:57,-13.8833,167.55,81.68,72,14,8.75,few clouds
346,Vysokogornyy,RU,2021-11-28 01:16:57,50.1167,139.15,17.51,85,99,4.88,overcast clouds
347,Norman Wells,CA,2021-11-28 01:12:07,65.282,-126.8329,-21.96,69,20,5.75,few clouds
348,Maceio,BR,2021-11-28 01:16:58,-9.6658,-35.7353,81.84,78,40,6.91,light rain
349,Vieksniai,LT,2021-11-28 01:16:58,56.2333,22.5167,31.6,98,100,4.81,light snow
350,Alofi,NU,2021-11-28 01:16:59,-19.0595,-169.9187,82.29,74,96,12.66,light rain
351,Sao Joao Da Barra,BR,2021-11-28 01:16:59,-21.6403,-41.0511,73.53,83,30,7.58,scattered clouds
352,Kapoeta,SS,2021-11-28 01:16:59,4.7717,33.5903,78.58,55,48,14.23,light rain
353,Vao,NC,2021-11-28 01:17:00,-22.6667,167.4833,74.93,86,100,20.22,overcast clouds
354,Zhifang,CN,2021-11-28 01:17:00,30.35,114.3167,49.98,56,6,5.64,clear sky
355,Ulladulla,AU,2021-11-28 01:17:01,-35.35,150.4667,62.02,68,98,10.67,overcast clouds
356,Bangkalan,ID,2021-11-28 01:17:01,-7.0455,112.7351,82.35,78,100,7.52,overcast clouds
357,Batagay,RU,2021-11-28 01:17:01,67.6333,134.6333,-7.67,100,100,2.17,overcast clouds
358,Urucui,BR,2021-11-28 01:17:02,-7.2294,-44.5561,75.58,86,52,3.2,broken clouds
359,Maromitsa,RU,2021-11-28 01:17:02,59.8683,48.0123,30.31,96,100,11.12,overcast clouds
360,Converse,US,2021-11-28 01:12:43,29.518,-98.3161,53.82,94,90,4.61,light intensity drizzle
361,Saint-Paul,RE,2021-11-28 01:17:03,-21.0096,55.2707,77.11,85,49,5.66,light rain
362,Marsh Harbour,BS,2021-11-28 01:17:03,26.5412,-77.0636,72.9,64,11,7.11,few clouds
363,Eureka,US,2021-11-28 01:12:08,40.8021,-124.1637,58.39,95,65,4.18,broken clouds
364,Haines Junction,CA,2021-11-28 01:17:03,60.7522,-137.5108,-4.05,65,100,9.22,light snow
365,Puri,IN,2021-11-28 01:17:04,19.8,85.85,66.72,64,100,12.17,overcast clouds
366,Rancho Grande,BR,2021-11-28 01:17:04,-23.5057,-46.3585,67.75,88,40,3.44,scattered clouds
367,Bonfim,BR,2021-11-28 01:17:05,3.0833,-59.95,80.08,73,75,5.79,broken clouds
368,Quarai,BR,2021-11-28 01:17:05,-30.3875,-56.4514,68.97,79,83,7.0,light rain
369,Adrar,MR,2021-11-28 01:18:05,20.5022,-10.0711,63.9,30,10,14.47,clear sky
370,San Vicente De Canete,PE,2021-11-28 01:18:06,-13.0751,-76.3835,65.95,87,100,4.12,light rain
371,Sierra Vista,US,2021-11-28 01:14:46,31.5545,-110.3037,58.14,40,1,9.22,clear sky
372,Moyale,KE,2021-11-28 01:18:06,3.5167,39.0584,66.11,85,77,5.48,light rain
373,Henties Bay,NA,2021-11-28 01:18:07,-22.116,14.2845,57.97,89,0,6.87,clear sky
374,Ahmadpur East,PK,2021-11-28 01:18:07,29.1431,71.2598,63.43,27,0,6.96,clear sky
375,Khandyga,RU,2021-11-28 01:18:07,62.6667,135.6,-10.19,99,98,2.28,overcast clouds
376,Kidal,ML,2021-11-28 01:15:31,18.4411,1.4078,77.05,21,0,6.91,clear sky
377,Salalah,OM,2021-11-28 01:18:08,17.0151,54.0924,77.09,36,0,9.22,clear sky
378,Lavrentiya,RU,2021-11-28 01:18:08,65.5833,-171.0,-10.7,94,6,7.7,clear sky
379,Bathsheba,BB,2021-11-28 01:18:09,13.2167,-59.5167,81.21,78,40,14.97,scattered clouds
380,Foz,ES,2021-11-28 01:18:09,43.5692,-7.2544,45.77,82,100,9.33,overcast clouds
381,Valle De Guadalupe,MX,2021-11-28 01:18:09,21.0,-102.6167,62.22,45,9,5.44,clear sky
382,Viedma,AR,2021-11-28 01:15:15,-40.8135,-62.9967,62.38,84,100,4.07,overcast clouds
383,Road Town,VG,2021-11-28 01:18:05,18.4167,-64.6167,80.69,83,20,9.22,few clouds
384,Lixourion,GR,2021-11-28 01:18:10,38.2019,20.4314,62.1,70,48,21.92,scattered clouds
385,Upata,VE,2021-11-28 01:18:11,8.0086,-62.3989,71.85,95,100,3.89,overcast clouds
386,Port Macquarie,AU,2021-11-28 01:18:11,-31.4333,152.9167,66.16,94,75,8.05,broken clouds
387,Half Moon Bay,US,2021-11-28 01:18:11,37.4636,-122.4286,67.91,56,1,10.36,clear sky
388,Sitka,US,2021-11-28 01:18:12,57.0531,-135.33,35.49,87,90,4.61,light rain
389,Cap Malheureux,MU,2021-11-28 01:18:12,-19.9842,57.6142,72.09,71,0,8.84,clear sky
390,Sevlievo,BG,2021-11-28 01:18:12,43.0258,25.1136,48.69,71,70,3.06,broken clouds
391,Sabang,ID,2021-11-28 01:18:13,5.8933,95.3214,79.18,85,100,17.74,heavy intensity rain
392,Mareeba,AU,2021-11-28 01:18:13,-17.0,145.4333,81.32,58,41,6.29,scattered clouds
393,Straoane,RO,2021-11-28 01:18:14,45.9333,27.05,35.73,75,1,3.11,clear sky
394,Gdov,RU,2021-11-28 01:18:14,58.7406,27.8122,27.68,92,100,14.18,light snow
395,Camacha,PT,2021-11-28 01:18:14,33.0833,-16.3333,60.22,77,40,14.97,scattered clouds
396,Auki,SB,2021-11-28 01:18:15,-8.7676,160.7034,85.68,68,94,2.44,overcast clouds
397,Piney Green,US,2021-11-28 01:18:15,34.716,-77.3202,39.09,87,1,0.0,clear sky
398,Mahebourg,MU,2021-11-28 01:18:16,-20.4081,57.7,71.89,88,20,5.75,few clouds
399,Yeppoon,AU,2021-11-28 01:18:16,-23.1333,150.7333,80.38,71,4,11.88,clear sky
400,Shitanjing,CN,2021-11-28 01:18:16,39.2342,106.3439,31.24,42,18,6.33,few clouds
401,Muros,ES,2021-11-28 01:18:17,42.7762,-9.0603,43.3,72,36,9.37,scattered clouds
402,Walvis Bay,NA,2021-11-28 01:18:17,-22.9575,14.5053,52.75,93,4,6.91,clear sky
403,Buala,SB,2021-11-28 01:18:17,-8.145,159.5921,86.38,66,25,5.7,scattered clouds
404,Anori,BR,2021-11-28 01:18:18,-3.7728,-61.6442,76.51,88,70,3.11,broken clouds
405,Bayan,CN,2021-11-28 01:16:59,46.0833,127.4,29.95,82,69,11.7,broken clouds
406,Yuksekova,TR,2021-11-28 01:18:18,37.5736,44.2872,30.83,73,99,3.4,overcast clouds
407,La Sarre,CA,2021-11-28 01:18:19,48.8002,-79.1996,8.69,99,82,3.2,broken clouds
408,Chimbote,PE,2021-11-28 01:18:19,-9.0853,-78.5783,66.06,83,100,7.27,overcast clouds
409,Kasongo-Lunda,CD,2021-11-28 01:18:19,-6.4667,16.8167,68.13,98,84,0.49,broken clouds
410,Salinas,US,2021-11-28 01:18:20,36.6777,-121.6555,67.01,41,1,9.22,clear sky
411,Agutaya,PH,2021-11-28 01:18:20,11.148,120.9417,82.62,81,83,18.25,broken clouds
412,Longyearbyen,SJ,2021-11-28 01:18:21,78.2186,15.6401,12.04,67,40,28.77,scattered clouds
413,Baripada,IN,2021-11-28 01:18:21,21.935,86.7214,62.4,57,100,5.17,overcast clouds
414,Chinhoyi,ZW,2021-11-28 01:18:22,-17.3667,30.2,62.1,72,4,5.7,clear sky
415,Los Llanos De Aridane,ES,2021-11-28 01:18:22,28.6585,-17.9182,60.55,68,75,13.8,broken clouds
416,Xining,CN,2021-11-28 01:18:22,36.6167,101.7667,29.44,37,92,0.18,overcast clouds
417,Toledo,ES,2021-11-28 01:16:32,39.8333,-4.0,38.52,68,1,6.6,clear sky
418,Abnub,EG,2021-11-28 01:19:23,27.2696,31.1511,57.42,30,47,2.55,scattered clouds
419,Dagua,CO,2021-11-28 01:19:23,3.6569,-76.6886,73.9,98,100,2.35,overcast clouds
420,Saldanha,ZA,2021-11-28 01:19:23,-33.0117,17.9442,62.65,95,96,13.49,overcast clouds
421,Havre-Saint-Pierre,CA,2021-11-28 01:14:50,50.2334,-63.5986,39.56,93,90,13.8,overcast clouds
422,Puerto Madryn,AR,2021-11-28 01:19:24,-42.7692,-65.0385,58.8,70,0,11.52,clear sky
423,Nizwa,OM,2021-11-28 01:19:24,22.9333,57.5333,65.44,51,0,1.83,clear sky
424,Sinnamary,GF,2021-11-28 01:19:25,5.3833,-52.95,78.08,88,96,9.08,overcast clouds
425,Juliaca,PE,2021-11-28 01:19:25,-15.5,-70.1333,47.44,81,100,3.15,overcast clouds
426,Ulagan,RU,2021-11-28 01:19:25,50.6321,87.9563,4.23,87,97,2.37,overcast clouds
427,Faya,SA,2021-11-28 01:17:16,18.3851,42.4509,55.51,51,0,5.73,clear sky
428,Xifeng,CN,2021-11-28 01:19:26,42.7372,124.7222,38.05,63,100,14.14,overcast clouds
429,Raudeberg,NO,2021-11-28 01:19:26,61.9875,5.1352,27.27,58,4,8.25,clear sky
430,Zaozerne,UA,2021-11-28 01:19:27,45.1582,33.2787,54.95,92,17,12.91,few clouds
431,Kavaratti,IN,2021-11-28 01:18:43,10.5669,72.642,82.65,73,100,11.52,overcast clouds
432,Megion,RU,2021-11-28 01:19:27,61.0296,76.1136,32.02,96,100,17.47,light snow
433,Naze,JP,2021-11-28 01:19:28,28.3667,129.4833,65.32,58,7,20.29,clear sky
434,Parksville,CA,2021-11-28 01:15:17,49.3163,-124.3195,47.84,98,100,21.85,light rain
435,Hay River,CA,2021-11-28 01:15:16,60.8156,-115.7999,-5.84,77,40,4.61,scattered clouds
436,Felipe Carrillo Puerto,MX,2021-11-28 01:19:28,19.5833,-88.05,71.37,90,72,3.2,broken clouds
437,West Fargo,US,2021-11-28 01:19:29,46.875,-96.9004,32.05,59,1,12.66,clear sky
438,Wicklow,IE,2021-11-28 01:19:29,53.0,-6.4167,28.83,96,100,4.47,overcast clouds
439,Ciechocinek,PL,2021-11-28 01:19:30,52.8791,18.7951,34.05,92,89,5.97,overcast clouds
440,Kabanjahe,ID,2021-11-28 01:19:30,3.1001,98.4908,63.36,97,100,1.59,moderate rain
441,Waipawa,NZ,2021-11-28 01:16:07,-41.4122,175.5153,61.43,78,100,5.08,overcast clouds
442,Marinette,US,2021-11-28 01:17:31,45.1,-87.6307,34.25,100,90,6.91,light snow
443,San Cristobal,VE,2021-11-28 01:19:31,7.7669,-72.225,73.58,93,38,1.39,scattered clouds
444,Mandalgovi,MN,2021-11-28 01:19:31,45.7625,106.2708,13.28,71,99,18.75,overcast clouds
445,Manono,CD,2021-11-28 01:19:32,-7.3,27.4167,67.77,93,64,1.99,broken clouds
446,Atar,MR,2021-11-28 01:19:32,20.5169,-13.0499,67.82,28,93,14.5,overcast clouds
447,Coahuayana,MX,2021-11-28 01:19:33,18.7333,-103.6833,81.88,83,1,1.43,clear sky
448,Andros Town,BS,2021-11-28 01:19:33,24.7,-77.7667,71.56,70,15,8.43,few clouds
449,Huarmey,PE,2021-11-28 01:19:34,-10.0681,-78.1522,67.03,83,100,9.35,overcast clouds
450,Chumikan,RU,2021-11-28 01:19:34,54.7183,135.315,18.45,92,100,10.85,overcast clouds
451,Homestead,US,2021-11-28 01:15:04,25.4687,-80.4776,69.82,69,10,4.76,clear sky
452,La Primavera,CO,2021-11-28 01:19:35,5.4906,-70.4092,77.65,80,20,4.83,few clouds
453,Jinchang,CN,2021-11-28 01:19:35,38.4953,102.1739,27.7,47,100,7.23,overcast clouds
454,Cairns,AU,2021-11-28 01:19:35,-16.9167,145.7667,85.95,70,40,10.36,scattered clouds
455,Ayabaca,PE,2021-11-28 01:19:36,-4.6398,-79.7149,51.26,87,100,3.31,overcast clouds
456,Kirakira,SB,2021-11-28 01:19:36,-10.4544,161.9205,84.56,73,77,6.02,broken clouds
457,Dandong,CN,2021-11-28 01:19:36,40.1292,124.3947,37.98,54,97,4.59,overcast clouds
458,Olga,RU,2021-11-28 01:19:37,43.7444,135.2892,32.9,38,2,5.37,clear sky
459,Chateauroux,FR,2021-11-28 01:18:06,46.8167,1.7,39.2,87,90,16.11,light rain
460,Ogulin,HR,2021-11-28 01:20:37,45.2661,15.2286,47.23,93,100,3.18,overcast clouds
461,Yablochnyy,RU,2021-11-28 01:20:38,47.1661,142.0661,31.95,69,7,5.91,clear sky
462,Jalu,LY,2021-11-28 01:20:38,29.0331,21.5482,69.35,39,32,2.93,scattered clouds
463,Clearwater,US,2021-11-28 01:18:50,27.9659,-82.8001,60.71,60,1,3.44,clear sky
464,Naples,IT,2021-11-28 01:16:07,40.8333,14.25,59.61,67,42,14.97,scattered clouds
465,Ambunti,PG,2021-11-28 01:20:39,-4.2365,142.8448,77.68,91,91,1.88,heavy intensity rain
466,Alvorada,BR,2021-11-28 01:20:39,-12.48,-49.1247,77.4,78,88,2.21,overcast clouds
467,Smirnykh,RU,2021-11-28 01:20:40,49.75,142.8333,28.83,71,12,4.14,few clouds
468,Kitimat,CA,2021-11-28 01:20:40,54.0524,-128.6534,34.18,99,100,1.63,moderate rain
469,Quibdo,CO,2021-11-28 01:20:40,5.6947,-76.6611,74.3,96,67,1.21,broken clouds
470,Hualmay,PE,2021-11-28 01:20:41,-11.0964,-77.6139,66.47,84,100,9.33,overcast clouds
471,Monywa,MM,2021-11-28 01:20:41,22.1167,95.1333,66.49,81,6,6.51,clear sky
472,Champerico,GT,2021-11-28 01:20:42,14.3,-91.9167,80.37,73,96,3.36,overcast clouds
473,Pacific Grove,US,2021-11-28 01:20:42,36.6177,-121.9166,66.6,39,1,0.0,clear sky
474,Agno,CH,2021-11-28 01:20:42,45.9833,8.85,38.95,100,75,5.75,sleet
475,Bindura,ZW,2021-11-28 01:20:43,-17.3019,31.3306,60.03,84,3,4.05,clear sky
476,Tutoia,BR,2021-11-28 01:20:43,-2.7619,-42.2744,80.67,82,96,11.43,overcast clouds
477,Ancona,IT,2021-11-28 01:20:43,43.55,13.1667,53.82,54,92,6.91,overcast clouds
478,Vila Franca Do Campo,PT,2021-11-28 01:20:44,37.7167,-25.4333,61.21,76,45,6.96,scattered clouds
479,La Ronge,CA,2021-11-28 01:20:44,55.1001,-105.2842,17.85,73,1,4.61,clear sky
480,Peniche,PT,2021-11-28 01:20:45,39.3558,-9.3811,47.68,62,30,24.02,scattered clouds
481,Binzhou,CN,2021-11-28 01:20:45,37.3667,118.0167,47.82,72,100,6.31,overcast clouds
482,Vestmannaeyjar,IS,2021-11-28 01:20:45,63.4427,-20.2734,37.26,80,100,11.7,overcast clouds
483,Biak,ID,2021-11-28 01:20:46,-0.9131,122.8766,81.41,75,88,3.06,overcast clouds
484,Bandarbeyla,SO,2021-11-28 01:20:46,9.4942,50.8122,78.1,80,81,14.94,broken clouds
485,Harper,LR,2021-11-28 01:20:47,4.375,-7.7169,79.12,85,32,8.14,scattered clouds
486,Laguna,US,2021-11-28 01:20:47,38.421,-121.4238,63.1,59,1,3.44,clear sky
487,Bengkulu,ID,2021-11-28 01:20:47,-3.8004,102.2655,78.24,82,99,3.53,overcast clouds
488,Punta Alta,AR,2021-11-28 01:17:31,-38.8759,-62.0736,60.42,89,100,6.42,overcast clouds
489,Berlevag,NO,2021-11-28 01:20:48,70.8578,29.0864,19.45,86,46,15.26,scattered clouds
490,Ambon,ID,2021-11-28 01:20:48,-3.6954,128.1814,87.94,66,40,9.22,scattered clouds
491,Nikolayevsk-Na-Amure,RU,2021-11-28 01:20:49,53.1406,140.73,19.15,89,93,4.92,overcast clouds
492,Akyab,MM,2021-11-28 01:20:49,20.15,92.9,75.16,75,81,5.19,broken clouds
493,Juegang,CN,2021-11-28 01:20:50,32.3174,121.1855,55.69,72,89,7.85,overcast clouds
494,Stuttgart,DE,2021-11-28 01:20:23,48.7823,9.177,31.6,93,75,2.3,broken clouds
495,Karratha,AU,2021-11-28 01:20:50,-20.7377,116.8463,93.88,18,0,25.77,clear sky
496,Morant Bay,JM,2021-11-28 01:20:50,17.8815,-76.4093,80.22,80,100,9.24,overcast clouds
497,Tabligbo,TG,2021-11-28 01:20:51,6.5833,1.5,77.56,86,100,3.71,overcast clouds
498,Marathon,US,2021-11-28 01:20:51,44.9,-89.7668,31.53,61,90,5.75,overcast clouds
499,Naantali,FI,2021-11-28 01:20:51,60.4674,22.0243,16.21,92,0,6.91,clear sky
500,Luwingu,ZM,2021-11-28 01:20:52,-10.2621,29.9271,60.01,98,62,3.96,broken clouds
501,Severodvinsk,RU,2021-11-28 01:20:52,64.5635,39.8302,5.11,97,100,5.99,overcast clouds
502,Salta,AR,2021-11-28 01:16:45,-24.7859,-65.4117,79.09,57,40,4.61,scattered clouds
503,Ponta Delgada,PT,2021-11-28 01:20:53,37.7333,-25.6667,61.52,63,75,4.61,broken clouds
504,Burns Lake,CA,2021-11-28 01:20:53,54.2331,-125.7533,29.62,93,100,4.05,overcast clouds
505,Makokou,GA,2021-11-28 01:20:53,0.5738,12.8642,68.2,99,98,2.19,overcast clouds
506,Kenora,CA,2021-11-28 01:20:54,49.8167,-94.4337,31.17,64,90,10.36,light snow
507,Lardos,GR,2021-11-28 01:20:54,36.0942,28.0157,67.82,86,20,11.1,few clouds
508,Katsuura,JP,2021-11-28 01:21:55,35.1333,140.3,53.71,48,0,13.67,clear sky
509,Mattru,SL,2021-11-28 01:21:55,7.6244,-11.8332,76.77,86,95,2.26,overcast clouds
510,Pitimbu,BR,2021-11-28 01:21:56,-7.4706,-34.8086,81.19,70,55,11.39,broken clouds
511,Ginir,ET,2021-11-28 01:21:56,7.1333,40.7,55.83,83,25,5.46,scattered clouds
512,Windhoek,NA,2021-11-28 01:21:57,-22.5594,17.0832,66.4,12,0,4.61,clear sky
513,Pogar,RU,2021-11-28 01:21:57,52.554,33.2591,34.38,94,10,6.6,clear sky
514,Navalmoral De La Mata,ES,2021-11-28 01:21:58,39.8916,-5.5406,36.07,72,0,2.77,clear sky
515,Dalbandin,PK,2021-11-28 01:21:58,28.8947,64.4101,52.52,38,0,7.02,clear sky
516,Kinablangan,PH,2021-11-28 01:21:59,7.6947,126.5503,80.92,83,80,3.06,broken clouds
517,Misratah,LY,2021-11-28 01:21:59,32.3754,15.0925,69.17,40,67,4.92,broken clouds
518,Richards Bay,ZA,2021-11-28 01:21:59,-28.783,32.0377,65.7,78,16,17.6,light rain
519,Gremyachinsk,RU,2021-11-28 01:22:00,58.5603,57.851,27.41,95,100,10.31,light snow
520,Beringovskiy,RU,2021-11-28 01:22:00,63.05,179.3167,4.01,96,98,6.67,overcast clouds
521,Goya,AR,2021-11-28 01:22:00,-29.14,-59.2626,72.07,65,100,5.08,light rain
522,Adoni,IN,2021-11-28 01:22:01,15.6333,77.2833,67.08,79,100,6.76,overcast clouds
523,Benjamin Constant,BR,2021-11-28 01:22:01,-4.3831,-70.0311,75.33,89,100,2.57,overcast clouds
524,Valdivia,CL,2021-11-28 01:22:02,-39.8142,-73.2459,51.89,84,0,0.45,clear sky
525,Dwarka,IN,2021-11-28 01:22:02,22.2394,68.9678,75.74,65,87,8.52,overcast clouds
526,Zaozhuang,CN,2021-11-28 01:22:03,34.8647,117.5542,47.35,80,100,8.97,overcast clouds
527,Manama,BH,2021-11-28 01:22:03,26.2154,50.5832,73.38,73,0,9.22,clear sky
528,Zgorzelec,PL,2021-11-28 01:22:03,51.1494,15.0084,32.38,96,100,5.82,light snow
529,Galveston,US,2021-11-28 01:22:04,29.3669,-94.9669,55.51,93,100,8.01,light rain
530,Tamala,RU,2021-11-28 01:22:05,52.541,43.2515,34.61,97,100,15.86,overcast clouds
531,Preobrazheniye,RU,2021-11-28 01:22:05,42.9019,133.9064,38.05,34,0,6.44,clear sky
532,Bundaberg,AU,2021-11-28 01:22:05,-24.85,152.35,80.89,74,90,13.8,overcast clouds
533,Pangai,TO,2021-11-28 01:22:06,-19.8,-174.35,81.7,76,95,14.2,overcast clouds
534,Saint-Augustin,CA,2021-11-28 01:22:06,51.226,-58.6502,43.59,80,17,14.99,few clouds
535,Eufaula,US,2021-11-28 01:22:06,31.8913,-85.1455,52.23,70,1,0.0,clear sky
536,Morki,RU,2021-11-28 01:22:07,56.4303,48.9947,23.58,87,100,13.33,overcast clouds
537,Rajapur,IN,2021-11-28 01:22:07,25.3833,81.15,59.5,53,5,3.76,clear sky
538,Ahipara,NZ,2021-11-28 01:22:07,-35.1667,173.1667,70.93,57,93,4.68,overcast clouds
539,Pontianak,ID,2021-11-28 01:22:08,-0.0333,109.3333,78.78,83,40,9.22,scattered clouds
540,Pailon,BO,2021-11-28 01:22:08,-17.65,-62.75,77.9,65,10,10.98,clear sky
541,Puma,TZ,2021-11-28 01:22:09,-5.0,34.7333,63.73,72,94,11.01,overcast clouds
542,Almenara,BR,2021-11-28 01:17:41,-16.1836,-40.6944,69.66,99,100,2.89,overcast clouds
543,Kartaly,RU,2021-11-28 01:22:09,53.0522,60.6467,11.66,75,0,9.75,clear sky
544,Pangkalanbuun,ID,2021-11-28 01:22:10,-2.6833,111.6167,76.06,95,100,4.25,overcast clouds
545,Plast,RU,2021-11-28 01:22:10,54.3691,60.8136,17.35,78,19,8.21,few clouds
546,Porto Santo,PT,2021-11-28 01:22:10,33.072,-16.3415,62.98,77,40,14.97,scattered clouds
547,Vagur,FO,2021-11-28 01:22:11,61.4732,-6.8119,35.96,74,100,15.12,overcast clouds
548,Shingu,JP,2021-11-28 01:22:11,33.7333,135.9833,54.59,49,0,2.17,clear sky
549,Rock Springs,US,2021-11-28 01:22:11,41.5875,-109.2029,38.64,56,1,4.61,clear sky
550,Vanimo,PG,2021-11-28 01:20:04,-2.6741,141.3028,79.54,80,99,4.85,overcast clouds
551,Brainerd,US,2021-11-28 01:17:22,46.358,-94.2008,35.62,64,1,9.22,clear sky
552,Clinton,US,2021-11-28 01:23:12,42.587,-82.9199,32.09,100,90,6.91,snow
553,Inta,RU,2021-11-28 01:23:13,66.0317,60.1659,-7.64,99,85,7.4,overcast clouds
554,Nova Friburgo,BR,2021-11-28 01:23:13,-22.2819,-42.5311,61.86,98,99,2.33,overcast clouds
555,Khakhea,BW,2021-11-28 01:23:13,-24.6895,23.494,70.11,59,77,16.17,broken clouds
556,Cockburn Town,TC,2021-11-28 01:23:14,21.4612,-71.1419,75.16,73,75,6.91,broken clouds
557,Rundu,NA,2021-11-28 01:23:14,-17.9333,19.7667,70.09,71,100,6.4,overcast clouds
558,Labuhan,ID,2021-11-28 01:23:14,-6.8844,112.2051,79.59,77,100,9.78,light rain
559,Tecoanapa,MX,2021-11-28 01:23:15,16.5167,-98.75,79.45,74,5,5.28,clear sky
560,Napasar,IN,2021-11-28 01:23:15,27.9667,73.55,64.44,47,21,6.87,few clouds
561,Hit,IQ,2021-11-28 01:23:15,33.6416,42.8251,60.46,48,78,7.05,broken clouds
562,Entre Rios,BR,2021-11-28 01:23:16,-11.9419,-38.0844,73.58,95,71,8.28,broken clouds
563,Inuvik,CA,2021-11-28 01:23:16,68.3499,-133.7218,-12.14,77,40,12.66,light snow
564,Dunyapur,PK,2021-11-28 01:23:17,29.7995,71.7196,55.42,27,0,4.79,clear sky
565,Fairbanks,US,2021-11-28 01:23:16,64.8378,-147.7164,-13.04,76,90,0.0,overcast clouds
566,Altay,CN,2021-11-28 01:23:17,47.8667,88.1167,5.22,59,12,6.49,few clouds
567,Tari,NG,2021-11-28 01:23:17,12.4086,4.4914,75.47,15,100,8.25,overcast clouds
568,Gelgaudiskis,LT,2021-11-28 01:23:18,55.0792,22.9758,33.73,99,100,6.26,overcast clouds
569,Shache,CN,2021-11-28 01:23:18,38.4167,77.2406,27.43,46,91,2.71,overcast clouds
570,Muzhi,RU,2021-11-28 01:23:18,65.3667,64.6667,-6.54,94,5,5.17,clear sky
571,Khromtau,KZ,2021-11-28 01:23:19,50.2503,58.4347,11.34,87,93,5.59,overcast clouds
572,Toora-Khem,RU,2021-11-28 01:23:19,52.4675,96.11,-2.78,97,100,1.66,overcast clouds
573,Ust-Kan,RU,2021-11-28 01:23:19,50.9276,84.761,9.19,81,86,5.91,overcast clouds
574,Goure,NE,2021-11-28 01:22:07,13.9835,10.2704,72.43,16,91,8.48,overcast clouds
575,Tokonou,GN,2021-11-28 01:23:20,9.65,-9.7833,72.23,48,49,2.57,scattered clouds
576,Novyy Urengoy,RU,2021-11-28 01:23:21,66.0833,76.6333,3.51,97,97,5.12,overcast clouds
577,Asosa,ET,2021-11-28 01:23:21,10.0667,34.5333,67.48,49,28,3.42,scattered clouds
578,Seoul,KR,2021-11-28 01:23:21,37.5683,126.9778,40.44,61,0,2.3,clear sky
579,Ostrovnoy,RU,2021-11-28 01:23:22,68.0531,39.5131,9.37,88,89,8.61,overcast clouds
580,Kodiak,US,2021-11-28 01:23:23,57.79,-152.4072,17.11,62,20,11.5,few clouds
581,Ternate,ID,2021-11-28 01:23:23,0.8,127.4,83.43,76,41,2.53,scattered clouds
582,Zaysan,KZ,2021-11-28 01:23:24,47.4667,84.8667,10.22,80,16,2.19,few clouds
583,Manturovo,RU,2021-11-28 01:23:24,58.3353,44.7619,30.29,96,100,12.26,snow
584,Vredendal,ZA,2021-11-28 01:23:24,-31.6683,18.5012,62.51,89,44,11.7,scattered clouds
585,Skotterud,NO,2021-11-28 01:22:13,59.9828,12.1283,22.51,74,100,7.36,overcast clouds
586,Yerbogachen,RU,2021-11-28 01:23:25,61.2767,108.0108,3.29,95,100,7.45,light snow
587,Sao Felix Do Xingu,BR,2021-11-28 01:23:25,-6.6447,-51.995,72.27,98,89,2.62,overcast clouds
588,Nisia Floresta,BR,2021-11-28 01:23:26,-6.0911,-35.2086,81.41,77,23,7.9,few clouds
589,Kokoda,PG,2021-11-28 01:23:26,-8.8785,147.7407,85.8,71,44,4.12,scattered clouds
590,General Roca,AR,2021-11-28 01:23:27,-39.0333,-67.5833,72.0,34,57,15.1,broken clouds
591,Warmbad,NA,2021-11-28 01:23:27,-28.45,18.7333,56.53,85,49,4.56,scattered clouds
592,Nishihara,JP,2021-11-28 01:23:27,26.1842,127.7558,71.26,49,75,20.71,broken clouds
593,Lodja,CD,2021-11-28 01:23:28,-3.4833,23.4333,68.16,95,100,1.01,light rain
594,Ola,RU,2021-11-28 01:23:28,59.5833,151.2833,3.94,85,100,10.02,overcast clouds
595,Waverly,US,2021-11-28 01:23:28,42.7392,-84.6208,30.29,93,90,3.44,snow
596,Tabou,CI,2021-11-28 01:23:29,4.423,-7.3528,79.05,85,27,7.56,scattered clouds
597,Baoqing,CN,2021-11-28 01:23:29,46.3317,132.2111,24.31,79,4,7.76,clear sky
598,Mokhsogollokh,RU,2021-11-28 01:23:30,61.4681,128.9203,3.11,87,100,10.69,overcast clouds
599,Lakhdenpokhya,RU,2021-11-28 01:24:30,61.5198,30.1992,19.87,83,100,12.59,overcast clouds
600,Scottsbluff,US,2021-11-28 01:24:30,41.8666,-103.6672,43.92,48,1,0.0,clear sky
601,Panzhihua,CN,2021-11-28 01:24:31,26.5851,101.7128,52.21,72,3,0.65,clear sky
602,Fershampenuaz,RU,2021-11-28 01:24:31,53.5202,59.8117,12.04,74,0,8.19,clear sky
603,Dubbo,AU,2021-11-28 01:24:31,-32.25,148.6167,68.13,60,90,19.57,overcast clouds
604,Kalush,UA,2021-11-28 01:24:32,49.0119,24.3731,38.95,87,100,4.34,overcast clouds
605,Tabuk,PH,2021-11-28 01:24:32,17.4189,121.4443,78.06,83,59,2.17,broken clouds
606,Washougal,US,2021-11-28 01:23:27,45.5826,-122.3534,61.23,87,90,5.75,overcast clouds
607,Wynyard,AU,2021-11-28 01:24:33,-41.0,145.7167,59.22,62,47,7.81,scattered clouds
608,Watertown,US,2021-11-28 01:24:33,42.3709,-71.1828,31.95,51,1,9.22,clear sky
609,Izhma,RU,2021-11-28 01:24:34,65.0083,53.9113,-8.41,100,43,2.37,scattered clouds
610,Lethem,GY,2021-11-28 01:24:34,3.3803,-59.7968,79.18,77,83,8.75,broken clouds
611,Bhatkal,IN,2021-11-28 01:24:35,13.9667,74.5667,76.57,70,99,9.98,overcast clouds
612,Inhambane,MZ,2021-11-28 01:24:35,-23.865,35.3833,67.69,69,1,8.25,clear sky
613,Russell,US,2021-11-28 01:24:36,32.3502,-85.1999,53.2,53,1,4.61,clear sky
614,Nyurba,RU,2021-11-28 01:24:36,63.2842,118.3319,-2.27,92,97,9.19,overcast clouds
615,Sechura,PE,2021-11-28 01:24:37,-5.5569,-80.8222,67.82,74,42,13.4,scattered clouds
616,Siddipet,IN,2021-11-28 01:24:37,18.1,78.85,62.17,63,97,4.43,overcast clouds
617,Havoysund,NO,2021-11-28 01:22:12,70.9963,24.6622,20.28,79,39,18.14,scattered clouds
618,Pimenta Bueno,BR,2021-11-28 01:24:38,-11.6725,-61.1936,74.66,95,95,2.55,overcast clouds
619,Constitucion,CL,2021-11-28 01:24:38,-35.3333,-72.4167,52.09,88,0,14.16,clear sky
620,Manicore,BR,2021-11-28 01:24:38,-5.8092,-61.3003,76.12,91,20,2.53,moderate rain
621,Bandundu,CD,2021-11-28 01:24:39,-3.3167,17.3667,70.83,94,61,3.24,broken clouds
622,Pyaozerskiy,RU,2021-11-28 01:24:39,65.8333,31.1667,4.8,96,46,0.98,scattered clouds
623,Salinopolis,BR,2021-11-28 01:21:21,-0.6136,-47.3561,79.84,82,14,8.9,few clouds
624,Khuzdar,PK,2021-11-28 01:24:40,27.7384,66.6434,49.89,23,0,3.06,clear sky
625,Hvide Sande,DK,2021-11-28 01:24:40,56.0045,8.1294,36.18,83,100,13.73,overcast clouds
626,Ploemeur,FR,2021-11-28 01:24:41,47.7333,-3.4333,41.59,60,0,4.61,clear sky
627,Kismayo,SO,2021-11-28 01:24:41,-0.3582,42.5454,78.64,79,96,2.8,overcast clouds
628,Lucapa,AO,2021-11-28 01:24:41,-8.4192,20.7447,64.9,97,100,1.25,light rain
629,Maryborough,AU,2021-11-28 01:24:42,-25.5333,152.7,76.39,84,94,9.69,overcast clouds
630,Mahibadhoo,MV,2021-11-28 01:24:42,3.7833,72.9667,81.63,73,100,16.89,overcast clouds
631,Shaunavon,CA,2021-11-28 01:24:42,49.6501,-108.4181,29.98,87,100,11.74,overcast clouds
632,Marawi,PH,2021-11-28 01:24:43,7.9986,124.2928,77.41,73,100,0.83,overcast clouds
633,Saint-Louis,SN,2021-11-28 01:24:43,16.3333,-15.0,79.14,29,0,13.96,clear sky
634,Loandjili,CG,2021-11-28 01:24:44,-4.7561,11.8578,73.51,100,20,2.3,few clouds
635,Nalut,LY,2021-11-28 01:24:44,30.3333,10.85,68.58,33,100,17.11,overcast clouds
636,Taybad,IR,2021-11-28 01:24:44,34.74,60.7756,43.29,59,1,1.36,clear sky
637,El Alto,PE,2021-11-28 01:24:45,-4.2714,-81.2147,65.35,80,93,11.61,overcast clouds
638,Mandali,IQ,2021-11-28 01:24:45,33.7499,45.5541,63.7,43,100,9.89,overcast clouds
639,Ghimbav,RO,2021-11-28 01:24:45,45.6667,25.5,40.5,87,99,4.23,overcast clouds
640,Gwanda,ZW,2021-11-28 01:24:46,-20.9333,29.0,59.68,80,0,8.01,clear sky
641,Andenes,NO,2021-11-28 01:25:46,69.3143,16.1194,17.58,73,38,12.66,scattered clouds
642,Cuenca,EC,2021-11-28 01:25:47,-2.8833,-78.9833,57.33,94,75,10.36,broken clouds
643,Yar-Sale,RU,2021-11-28 01:25:47,66.8333,70.8333,-0.27,96,92,10.51,overcast clouds
644,Lyaskelya,RU,2021-11-28 01:25:47,61.7667,31.0167,19.13,83,100,10.71,overcast clouds
645,Svecha,RU,2021-11-28 01:25:48,58.2785,47.5164,29.25,88,100,14.72,light snow
646,Ramygala,LT,2021-11-28 01:25:48,55.5167,24.3,34.02,99,100,4.59,light rain
647,Acarau,BR,2021-11-28 01:23:29,-2.8856,-40.12,80.24,80,86,13.35,overcast clouds
648,Benjamin Hill,MX,2021-11-28 01:25:49,30.1667,-111.1,64.67,40,0,9.48,clear sky
649,Kudahuvadhoo,MV,2021-11-28 01:21:15,2.6708,72.8944,81.37,71,99,17.07,overcast clouds
650,Kalabo,ZM,2021-11-28 01:25:49,-14.97,22.6814,66.9,88,84,5.86,broken clouds
651,Port Pirie,AU,2021-11-28 01:25:50,-33.1833,138.0167,69.89,30,0,6.42,clear sky
652,Asau,RO,2021-11-28 01:25:50,46.4333,26.4,34.72,77,10,3.94,clear sky
653,Beterou,BJ,2021-11-28 01:25:50,9.1992,2.2586,75.45,23,100,3.76,overcast clouds
654,Pacifica,US,2021-11-28 01:25:51,37.6138,-122.4869,66.2,55,40,4.61,scattered clouds
655,Margate,GB,2021-11-28 01:25:18,51.3813,1.3862,38.91,89,100,32.32,overcast clouds
656,Mpulungu,ZM,2021-11-28 01:25:51,-8.7623,31.1141,72.48,76,59,10.78,broken clouds
657,Maningrida,AU,2021-11-28 01:25:52,-12.0667,134.2667,89.06,48,100,6.69,overcast clouds
658,Kaeo,NZ,2021-11-28 01:25:52,-35.1,173.7833,70.9,59,42,7.47,scattered clouds
659,Banda Aceh,ID,2021-11-28 01:25:52,5.5577,95.3222,78.57,84,96,10.94,moderate rain
660,Nelson Bay,AU,2021-11-28 01:25:53,-32.7167,152.15,69.85,72,100,12.8,overcast clouds
661,Olafsvik,IS,2021-11-28 01:25:53,64.8945,-23.7142,38.66,91,100,7.02,overcast clouds
662,Kasempa,ZM,2021-11-28 01:25:54,-13.4584,25.8338,61.43,94,100,4.36,overcast clouds
663,Bagotville,AU,2021-11-28 01:25:54,-28.9833,153.4167,73.42,80,100,13.6,light rain
664,Severomuysk,RU,2021-11-28 01:25:54,56.1481,113.4267,-19.43,97,34,2.04,scattered clouds
665,Makakilo City,US,2021-11-28 01:24:29,21.3469,-158.0858,80.92,57,90,5.75,overcast clouds
666,Khani,GE,2021-11-28 01:25:55,41.9563,42.9566,45.97,64,100,6.02,overcast clouds
667,Osa,RU,2021-11-28 01:25:55,57.2829,55.4567,17.24,81,25,10.2,scattered clouds
668,Shelburne,CA,2021-11-28 01:25:56,44.0787,-80.2041,27.05,90,100,1.92,overcast clouds
669,San Quintin,MX,2021-11-28 01:25:56,30.4833,-115.95,63.46,66,0,3.31,clear sky
670,Harer,ET,2021-11-28 01:25:56,9.3094,42.1258,56.61,64,0,7.61,clear sky
671,Mana,GF,2021-11-28 01:25:57,5.6592,-53.7767,78.3,86,100,8.99,overcast clouds
672,Ilhabela,BR,2021-11-28 01:25:42,-23.7781,-45.3581,72.55,88,44,4.65,scattered clouds
